[{"model": "admin.logentry", "pk": 1, "fields": {"action_time": "2021-08-04T13:37:12.849Z", "user": 1, "content_type": 8, "object_id": "2", "object_repr": "mniiz", "action_flag": 1, "change_message": "[{\"added\": {}}]"}}, {"model": "admin.logentry", "pk": 2, "fields": {"action_time": "2021-08-04T13:37:31.746Z", "user": 1, "content_type": 12, "object_id": "1", "object_repr": "mniiz", "action_flag": 1, "change_message": "[{\"added\": {}}]"}}, {"model": "admin.logentry", "pk": 3, "fields": {"action_time": "2021-08-04T13:43:48.398Z", "user": 1, "content_type": 12, "object_id": "1", "object_repr": "mniiz", "action_flag": 2, "change_message": "[{\"changed\": {\"fields\": [\"Location\"]}}]"}}, {"model": "admin.logentry", "pk": 4, "fields": {"action_time": "2021-08-04T13:48:08.501Z", "user": 1, "content_type": 12, "object_id": "1", "object_repr": "mniiz_shop", "action_flag": 2, "change_message": "[{\"changed\": {\"fields\": [\"Shop name\"]}}]"}}, {"model": "admin.logentry", "pk": 5, "fields": {"action_time": "2021-08-04T13:51:21.423Z", "user": 1, "content_type": 11, "object_id": "1", "object_repr": "furniture", "action_flag": 1, "change_message": "[{\"added\": {}}]"}}, {"model": "admin.logentry", "pk": 6, "fields": {"action_time": "2021-08-04T18:06:17.087Z", "user": 1, "content_type": 14, "object_id": "2", "object_repr": "Blue Sofa", "action_flag": 1, "change_message": "[{\"added\": {}}]"}}, {"model": "admin.logentry", "pk": 7, "fields": {"action_time": "2021-08-05T21:16:39.982Z", "user": 1, "content_type": 14, "object_id": "7", "object_repr": "Grey wallpaper", "action_flag": 1, "change_message": "[{\"added\": {}}]"}}, {"model": "admin.logentry", "pk": 8, "fields": {"action_time": "2021-08-05T21:28:18.651Z", "user": 1, "content_type": 14, "object_id": "7", "object_repr": "Grey wallpaper", "action_flag": 2, "change_message": "[{\"changed\": {\"fields\": [\"Image\"]}}]"}}, {"model": "admin.logentry", "pk": 9, "fields": {"action_time": "2021-08-10T14:05:02.755Z", "user": 1, "content_type": 13, "object_id": "3", "object_repr": "a - 3", "action_flag": 2, "change_message": "[{\"changed\": {\"fields\": [\"IsPaid\", \"DeliveryOption\", \"IsDelivered\", \"DeliveredAt\"]}}]"}}, {"model": "admin.logentry", "pk": 10, "fields": {"action_time": "2021-08-10T14:05:26.557Z", "user": 1, "content_type": 13, "object_id": "3", "object_repr": "a - 3", "action_flag": 2, "change_message": "[{\"changed\": {\"fields\": [\"IsDelivered\"]}}]"}}, {"model": "admin.logentry", "pk": 11, "fields": {"action_time": "2021-08-10T14:06:45.630Z", "user": 1, "content_type": 13, "object_id": "3", "object_repr": "a - 3", "action_flag": 2, "change_message": "[{\"changed\": {\"fields\": [\"DeliveredAt\"]}}]"}}, {"model": "admin.logentry", "pk": 12, "fields": {"action_time": "2021-08-10T19:54:04.708Z", "user": 1, "content_type": 13, "object_id": "4", "object_repr": "mniiz - 4", "action_flag": 2, "change_message": "[{\"changed\": {\"fields\": [\"IsPaid\", \"DeliveryOption\", \"IsDelivered\", \"DeliveredAt\"]}}]"}}, {"model": "admin.logentry", "pk": 13, "fields": {"action_time": "2021-08-10T19:54:25.308Z", "user": 1, "content_type": 13, "object_id": "4", "object_repr": "mniiz - 4", "action_flag": 2, "change_message": "[{\"changed\": {\"fields\": [\"PaidAt\"]}}]"}}, {"model": "admin.logentry", "pk": 14, "fields": {"action_time": "2021-08-10T21:10:26.670Z", "user": 1, "content_type": 16, "object_id": "4", "object_repr": " Grey wallpaper  ", "action_flag": 2, "change_message": "[]"}}, {"model": "admin.logentry", "pk": 15, "fields": {"action_time": "2021-08-10T21:13:21.041Z", "user": 1, "content_type": 16, "object_id": "4", "object_repr": " Grey wallpaper  ", "action_flag": 2, "change_message": "[]"}}, {"model": "admin.logentry", "pk": 16, "fields": {"action_time": "2021-08-10T21:14:09.221Z", "user": 1, "content_type": 16, "object_id": "1", "object_repr": " Tv stand  ", "action_flag": 2, "change_message": "[]"}}, {"model": "admin.logentry", "pk": 17, "fields": {"action_time": "2021-08-10T21:17:06.514Z", "user": 1, "content_type": 16, "object_id": "1", "object_repr": " Tv stand  ", "action_flag": 2, "change_message": "[]"}}, {"model": "admin.logentry", "pk": 18, "fields": {"action_time": "2021-08-10T21:18:17.803Z", "user": 1, "content_type": 16, "object_id": "5", "object_repr": " Tv stand  ", "action_flag": 1, "change_message": "[{\"added\": {}}]"}}, {"model": "admin.logentry", "pk": 19, "fields": {"action_time": "2021-08-10T21:20:59.011Z", "user": 1, "content_type": 14, "object_id": "3", "object_repr": "Tv stand", "action_flag": 2, "change_message": "[{\"changed\": {\"fields\": [\"Description\"]}}]"}}, {"model": "admin.logentry", "pk": 20, "fields": {"action_time": "2021-08-10T21:31:55.802Z", "user": 1, "content_type": 16, "object_id": "5", "object_repr": " Tv stand  ", "action_flag": 3, "change_message": ""}}, {"model": "admin.logentry", "pk": 21, "fields": {"action_time": "2021-08-12T17:09:38.702Z", "user": 1, "content_type": 16, "object_id": "7", "object_repr": " Blue Sofa  ", "action_flag": 3, "change_message": ""}}, {"model": "admin.logentry", "pk": 22, "fields": {"action_time": "2021-08-12T17:11:55.369Z", "user": 1, "content_type": 16, "object_id": "8", "object_repr": " Blue Sofa  ", "action_flag": 3, "change_message": ""}}, {"model": "admin.logentry", "pk": 23, "fields": {"action_time": "2021-08-12T17:13:06.902Z", "user": 1, "content_type": 16, "object_id": "9", "object_repr": " Blue Sofa  ", "action_flag": 2, "change_message": "[{\"changed\": {\"fields\": [\"Comment\"]}}]"}}, {"model": "admin.logentry", "pk": 24, "fields": {"action_time": "2021-08-15T17:43:48.274Z", "user": 1, "content_type": 18, "object_id": "1", "object_repr": "TopProducts object (1)", "action_flag": 1, "change_message": "[{\"added\": {}}]"}}, {"model": "admin.logentry", "pk": 25, "fields": {"action_time": "2021-08-15T17:45:08.310Z", "user": 1, "content_type": 18, "object_id": "2", "object_repr": "Grey wallpaper", "action_flag": 1, "change_message": "[{\"added\": {}}]"}}, {"model": "admin.logentry", "pk": 26, "fields": {"action_time": "2021-08-15T17:45:42.557Z", "user": 1, "content_type": 18, "object_id": "3", "object_repr": "Blue wallpaper", "action_flag": 1, "change_message": "[{\"added\": {}}]"}}, {"model": "admin.logentry", "pk": 27, "fields": {"action_time": "2021-08-15T17:46:01.730Z", "user": 1, "content_type": 18, "object_id": "4", "object_repr": "plain wallpaper", "action_flag": 1, "change_message": "[{\"added\": {}}]"}}, {"model": "admin.logentry", "pk": 28, "fields": {"action_time": "2021-08-15T17:46:18.707Z", "user": 1, "content_type": 18, "object_id": "5", "object_repr": "Plain white wallpaper", "action_flag": 1, "change_message": "[{\"added\": {}}]"}}, {"model": "admin.logentry", "pk": 29, "fields": {"action_time": "2021-08-15T17:46:40.922Z", "user": 1, "content_type": 18, "object_id": "6", "object_repr": "black wallpaper", "action_flag": 1, "change_message": "[{\"added\": {}}]"}}, {"model": "admin.logentry", "pk": 30, "fields": {"action_time": "2021-08-15T17:47:15.588Z", "user": 1, "content_type": 18, "object_id": "6", "object_repr": "black wallpaper", "action_flag": 2, "change_message": "[]"}}, {"model": "admin.logentry", "pk": 31, "fields": {"action_time": "2021-08-19T10:37:04.970Z", "user": 1, "content_type": 14, "object_id": "8", "object_repr": "tt", "action_flag": 2, "change_message": "[{\"changed\": {\"fields\": [\"Image\"]}}]"}}, {"model": "admin.logentry", "pk": 32, "fields": {"action_time": "2021-08-19T10:37:17.392Z", "user": 1, "content_type": 14, "object_id": "7", "object_repr": "Grey wallpaper", "action_flag": 2, "change_message": "[{\"changed\": {\"fields\": [\"Image\"]}}]"}}, {"model": "admin.logentry", "pk": 33, "fields": {"action_time": "2021-08-19T10:37:36.147Z", "user": 1, "content_type": 14, "object_id": "6", "object_repr": "Study desk", "action_flag": 2, "change_message": "[{\"changed\": {\"fields\": [\"Image\"]}}]"}}, {"model": "admin.logentry", "pk": 34, "fields": {"action_time": "2021-08-19T10:38:12.490Z", "user": 1, "content_type": 14, "object_id": "5", "object_repr": "nn", "action_flag": 2, "change_message": "[{\"changed\": {\"fields\": [\"Image\"]}}]"}}, {"model": "admin.logentry", "pk": 35, "fields": {"action_time": "2021-08-19T10:38:47.851Z", "user": 1, "content_type": 14, "object_id": "4", "object_repr": "Mahogany bed", "action_flag": 2, "change_message": "[{\"changed\": {\"fields\": [\"Image\"]}}]"}}, {"model": "admin.logentry", "pk": 36, "fields": {"action_time": "2021-08-19T10:39:14.291Z", "user": 1, "content_type": 14, "object_id": "3", "object_repr": "Tv stand", "action_flag": 2, "change_message": "[{\"changed\": {\"fields\": [\"Image\"]}}]"}}, {"model": "admin.logentry", "pk": 37, "fields": {"action_time": "2021-08-19T10:39:26.985Z", "user": 1, "content_type": 14, "object_id": "2", "object_repr": "Blue Sofa", "action_flag": 2, "change_message": "[]"}}, {"model": "admin.logentry", "pk": 38, "fields": {"action_time": "2021-08-20T18:41:56.732Z", "user": 1, "content_type": 11, "object_id": "2", "object_repr": "Wallart", "action_flag": 1, "change_message": "[{\"added\": {}}]"}}, {"model": "admin.logentry", "pk": 39, "fields": {"action_time": "2021-08-20T18:44:43.927Z", "user": 1, "content_type": 11, "object_id": "1", "object_repr": "Furniture", "action_flag": 2, "change_message": "[{\"changed\": {\"fields\": [\"Name\", \"Description\", \"Image\", \"Rating\"]}}]"}}, {"model": "admin.logentry", "pk": 40, "fields": {"action_time": "2021-08-20T19:08:08.000Z", "user": 1, "content_type": 20, "object_id": "1", "object_repr": "SubCategory object (1)", "action_flag": 1, "change_message": "[{\"added\": {}}]"}}, {"model": "admin.logentry", "pk": 41, "fields": {"action_time": "2021-08-20T19:12:41.414Z", "user": 1, "content_type": 20, "object_id": "1", "object_repr": "Wallpapers", "action_flag": 2, "change_message": "[]"}}, {"model": "admin.logentry", "pk": 42, "fields": {"action_time": "2021-08-20T19:12:50.673Z", "user": 1, "content_type": 20, "object_id": "1", "object_repr": "Wallpapers", "action_flag": 2, "change_message": "[]"}}, {"model": "admin.logentry", "pk": 43, "fields": {"action_time": "2021-08-20T19:13:38.519Z", "user": 1, "content_type": 20, "object_id": "2", "object_repr": "WallPanels", "action_flag": 1, "change_message": "[{\"added\": {}}]"}}, {"model": "admin.logentry", "pk": 44, "fields": {"action_time": "2021-08-20T19:15:43.437Z", "user": 1, "content_type": 20, "object_id": "3", "object_repr": "Contact papers", "action_flag": 1, "change_message": "[{\"added\": {}}]"}}, {"model": "admin.logentry", "pk": 45, "fields": {"action_time": "2021-08-20T19:16:09.092Z", "user": 1, "content_type": 19, "object_id": "1", "object_repr": "Wall", "action_flag": 1, "change_message": "[{\"added\": {}}]"}}, {"model": "admin.logentry", "pk": 46, "fields": {"action_time": "2021-08-20T19:17:06.336Z", "user": 1, "content_type": 14, "object_id": "7", "object_repr": "Grey wallpaper", "action_flag": 2, "change_message": "[{\"changed\": {\"fields\": [\"Category\", \"Subcategory\", \"Tag\", \"Color\", \"Size\"]}}]"}}, {"model": "admin.logentry", "pk": 47, "fields": {"action_time": "2021-08-20T19:19:26.231Z", "user": 1, "content_type": 20, "object_id": "4", "object_repr": "Sofa", "action_flag": 1, "change_message": "[{\"added\": {}}]"}}, {"model": "admin.logentry", "pk": 48, "fields": {"action_time": "2021-08-20T19:20:30.454Z", "user": 1, "content_type": 14, "object_id": "8", "object_repr": "Blue Sofa", "action_flag": 2, "change_message": "[{\"changed\": {\"fields\": [\"Subcategory\", \"Name\", \"Description\", \"Price\", \"Color\"]}}]"}}, {"model": "admin.logentry", "pk": 49, "fields": {"action_time": "2021-08-21T18:26:21.690Z", "user": 1, "content_type": 14, "object_id": "5", "object_repr": "Grey Contact paper", "action_flag": 2, "change_message": "[{\"changed\": {\"fields\": [\"Subcategory\", \"Name\", \"Description\", \"Image\", \"Color\", \"Size\"]}}]"}}, {"model": "admin.logentry", "pk": 50, "fields": {"action_time": "2021-08-21T18:27:20.147Z", "user": 1, "content_type": 20, "object_id": "5", "object_repr": "Cabiner", "action_flag": 1, "change_message": "[{\"added\": {}}]"}}, {"model": "admin.logentry", "pk": 51, "fields": {"action_time": "2021-08-21T18:28:21.257Z", "user": 1, "content_type": 14, "object_id": "6", "object_repr": "Cabinet", "action_flag": 2, "change_message": "[{\"changed\": {\"fields\": [\"Subcategory\", \"Name\", \"Description\", \"Color\"]}}]"}}, {"model": "admin.logentry", "pk": 52, "fields": {"action_time": "2021-08-21T18:28:50.451Z", "user": 1, "content_type": 20, "object_id": "6", "object_repr": "Bed", "action_flag": 1, "change_message": "[{\"added\": {}}]"}}, {"model": "admin.logentry", "pk": 53, "fields": {"action_time": "2021-08-21T18:29:13.649Z", "user": 1, "content_type": 19, "object_id": "2", "object_repr": "Bedroom", "action_flag": 1, "change_message": "[{\"added\": {}}]"}}, {"model": "admin.logentry", "pk": 54, "fields": {"action_time": "2021-08-21T18:30:14.950Z", "user": 1, "content_type": 14, "object_id": "4", "object_repr": "Mahogany bed", "action_flag": 2, "change_message": "[{\"changed\": {\"fields\": [\"Subcategory\", \"Tag\", \"Description\", \"Color\"]}}]"}}, {"model": "admin.logentry", "pk": 55, "fields": {"action_time": "2021-08-23T19:29:54.223Z", "user": 1, "content_type": 14, "object_id": "8", "object_repr": "Blue Sofa", "action_flag": 2, "change_message": "[{\"changed\": {\"fields\": [\"Price\"]}}]"}}, {"model": "admin.logentry", "pk": 56, "fields": {"action_time": "2021-08-23T19:30:04.097Z", "user": 1, "content_type": 14, "object_id": "7", "object_repr": "Grey wallpaper", "action_flag": 2, "change_message": "[]"}}, {"model": "admin.logentry", "pk": 57, "fields": {"action_time": "2021-08-23T19:30:36.552Z", "user": 1, "content_type": 14, "object_id": "8", "object_repr": "Blue Sofa", "action_flag": 2, "change_message": "[{\"changed\": {\"fields\": [\"Price\"]}}]"}}, {"model": "admin.logentry", "pk": 58, "fields": {"action_time": "2021-08-23T19:30:45.666Z", "user": 1, "content_type": 14, "object_id": "8", "object_repr": "Blue Sofa", "action_flag": 2, "change_message": "[]"}}, {"model": "admin.logentry", "pk": 59, "fields": {"action_time": "2021-08-23T19:40:02.018Z", "user": 1, "content_type": 13, "object_id": "10", "object_repr": "mutugide - 10", "action_flag": 2, "change_message": "[{\"changed\": {\"fields\": [\"Payment method\", \"PaidAt\", \"DeliveryOption\", \"IsDelivered\", \"DeliveredAt\"]}}]"}}, {"model": "admin.logentry", "pk": 60, "fields": {"action_time": "2021-08-23T19:40:34.463Z", "user": 1, "content_type": 13, "object_id": "10", "object_repr": "mutugide - 10", "action_flag": 2, "change_message": "[{\"changed\": {\"fields\": [\"IsPaid\"]}}]"}}, {"model": "admin.logentry", "pk": 61, "fields": {"action_time": "2021-08-23T20:29:33.900Z", "user": 1, "content_type": 13, "object_id": "11", "object_repr": "valentine - 11", "action_flag": 2, "change_message": "[{\"changed\": {\"fields\": [\"Payment method\", \"IsPaid\", \"PaidAt\", \"DeliveryOption\", \"DeliveredAt\"]}}]"}}, {"model": "admin.logentry", "pk": 62, "fields": {"action_time": "2021-08-23T20:30:02.148Z", "user": 1, "content_type": 13, "object_id": "11", "object_repr": "valentine - 11", "action_flag": 2, "change_message": "[{\"changed\": {\"fields\": [\"IsDelivered\"]}}]"}}, {"model": "admin.logentry", "pk": 63, "fields": {"action_time": "2021-08-24T01:51:47.439Z", "user": 1, "content_type": 14, "object_id": "2", "object_repr": "Blue Sofa 2", "action_flag": 2, "change_message": "[{\"changed\": {\"fields\": [\"Subcategory\", \"Name\"]}}]"}}, {"model": "admin.logentry", "pk": 64, "fields": {"action_time": "2021-08-24T21:01:33.676Z", "user": 1, "content_type": 20, "object_id": "5", "object_repr": "Cabinet- 5", "action_flag": 2, "change_message": "[{\"changed\": {\"fields\": [\"Name\"]}}]"}}, {"model": "admin.logentry", "pk": 65, "fields": {"action_time": "2021-08-24T21:04:55.527Z", "user": 1, "content_type": 19, "object_id": "3", "object_repr": "Living_Room", "action_flag": 1, "change_message": "[{\"added\": {}}]"}}, {"model": "admin.logentry", "pk": 66, "fields": {"action_time": "2021-08-24T21:05:20.467Z", "user": 1, "content_type": 19, "object_id": "4", "object_repr": "Corridor", "action_flag": 1, "change_message": "[{\"added\": {}}]"}}, {"model": "admin.logentry", "pk": 67, "fields": {"action_time": "2021-08-24T21:06:28.574Z", "user": 1, "content_type": 14, "object_id": "3", "object_repr": "Tv stand", "action_flag": 2, "change_message": "[{\"changed\": {\"fields\": [\"Subcategory\", \"Room\"]}}]"}}, {"model": "admin.logentry", "pk": 68, "fields": {"action_time": "2021-08-24T21:06:49.645Z", "user": 1, "content_type": 14, "object_id": "4", "object_repr": "Mahogany bed", "action_flag": 2, "change_message": "[{\"changed\": {\"fields\": [\"Room\"]}}]"}}, {"model": "admin.logentry", "pk": 69, "fields": {"action_time": "2021-08-24T00:13:14.325Z", "user": 1, "content_type": 14, "object_id": "2", "object_repr": "red   bed", "action_flag": 2, "change_message": "[{\"changed\": {\"fields\": [\"Subcategory\", \"Room\", \"Name\", \"Image\"]}}]"}}, {"model": "admin.logentry", "pk": 70, "fields": {"action_time": "2021-08-24T00:28:54.252Z", "user": 1, "content_type": 19, "object_id": "1", "object_repr": "Wall", "action_flag": 3, "change_message": ""}}, {"model": "admin.logentry", "pk": 71, "fields": {"action_time": "2021-08-24T11:35:28.990Z", "user": 1, "content_type": 11, "object_id": "3", "object_repr": "Bedroom", "action_flag": 1, "change_message": "[{\"added\": {}}]"}}, {"model": "admin.logentry", "pk": 72, "fields": {"action_time": "2021-08-24T11:35:40.181Z", "user": 1, "content_type": 11, "object_id": "4", "object_repr": "Dining", "action_flag": 1, "change_message": "[{\"added\": {}}]"}}, {"model": "admin.logentry", "pk": 73, "fields": {"action_time": "2021-08-24T11:35:51.990Z", "user": 1, "content_type": 11, "object_id": "5", "object_repr": "Living_Room", "action_flag": 1, "change_message": "[{\"added\": {}}]"}}, {"model": "admin.logentry", "pk": 74, "fields": {"action_time": "2021-08-24T11:36:16.034Z", "user": 1, "content_type": 11, "object_id": "6", "object_repr": "Corridor", "action_flag": 1, "change_message": "[{\"added\": {}}]"}}, {"model": "admin.logentry", "pk": 75, "fields": {"action_time": "2021-08-24T11:38:18.210Z", "user": 1, "content_type": 11, "object_id": "7", "object_repr": "Lighting", "action_flag": 1, "change_message": "[{\"added\": {}}]"}}, {"model": "admin.logentry", "pk": 76, "fields": {"action_time": "2021-08-24T11:38:44.083Z", "user": 1, "content_type": 11, "object_id": "8", "object_repr": "Curtains", "action_flag": 1, "change_message": "[{\"added\": {}}]"}}, {"model": "admin.logentry", "pk": 77, "fields": {"action_time": "2021-08-24T11:39:57.294Z", "user": 1, "content_type": 11, "object_id": "3", "object_repr": "Bedroom", "action_flag": 2, "change_message": "[]"}}, {"model": "admin.logentry", "pk": 78, "fields": {"action_time": "2021-08-24T18:06:34.870Z", "user": 1, "content_type": 11, "object_id": "5", "object_repr": "Living Room", "action_flag": 2, "change_message": "[{\"changed\": {\"fields\": [\"Name\"]}}]"}}, {"model": "admin.logentry", "pk": 79, "fields": {"action_time": "2022-06-21T19:43:57.263Z", "user": 1, "content_type": 14, "object_id": "8", "object_repr": "Blue Sofa", "action_flag": 2, "change_message": "[{\"changed\": {\"fields\": [\"CountInStock\"]}}]"}}, {"model": "admin.logentry", "pk": 80, "fields": {"action_time": "2022-06-21T19:44:38.282Z", "user": 1, "content_type": 14, "object_id": "3", "object_repr": "Tv stand", "action_flag": 2, "change_message": "[{\"changed\": {\"fields\": [\"CountInStock\"]}}]"}}, {"model": "admin.logentry", "pk": 81, "fields": {"action_time": "2022-06-21T19:44:48.843Z", "user": 1, "content_type": 14, "object_id": "2", "object_repr": "red   bed", "action_flag": 2, "change_message": "[{\"changed\": {\"fields\": [\"CountInStock\"]}}]"}}, {"model": "admin.logentry", "pk": 82, "fields": {"action_time": "2022-06-23T19:55:25.096Z", "user": 1, "content_type": 14, "object_id": "6", "object_repr": "Cabinet", "action_flag": 2, "change_message": "[{\"changed\": {\"fields\": [\"Category\"]}}]"}}, {"model": "admin.logentry", "pk": 83, "fields": {"action_time": "2022-06-23T19:55:35.145Z", "user": 1, "content_type": 14, "object_id": "8", "object_repr": "Blue Sofa", "action_flag": 2, "change_message": "[{\"changed\": {\"fields\": [\"Category\"]}}]"}}, {"model": "admin.logentry", "pk": 84, "fields": {"action_time": "2022-06-23T19:55:51.954Z", "user": 1, "content_type": 14, "object_id": "7", "object_repr": "Grey wallpaper", "action_flag": 2, "change_message": "[{\"changed\": {\"fields\": [\"Category\"]}}]"}}, {"model": "admin.logentry", "pk": 85, "fields": {"action_time": "2022-06-23T19:56:02.359Z", "user": 1, "content_type": 14, "object_id": "5", "object_repr": "Grey Contact paper", "action_flag": 2, "change_message": "[{\"changed\": {\"fields\": [\"Category\"]}}]"}}, {"model": "admin.logentry", "pk": 86, "fields": {"action_time": "2022-06-23T19:56:17.598Z", "user": 1, "content_type": 14, "object_id": "4", "object_repr": "Mahogany bed", "action_flag": 2, "change_message": "[{\"changed\": {\"fields\": [\"Category\"]}}]"}}, {"model": "admin.logentry", "pk": 87, "fields": {"action_time": "2022-06-23T19:56:31.351Z", "user": 1, "content_type": 14, "object_id": "3", "object_repr": "Tv stand", "action_flag": 2, "change_message": "[{\"changed\": {\"fields\": [\"Category\"]}}]"}}, {"model": "admin.logentry", "pk": 88, "fields": {"action_time": "2022-06-23T19:56:50.484Z", "user": 1, "content_type": 14, "object_id": "2", "object_repr": "red   bed", "action_flag": 2, "change_message": "[{\"changed\": {\"fields\": [\"Category\"]}}]"}}, {"model": "auth.permission", "pk": 1, "fields": {"name": "Can add log entry", "content_type": 1, "codename": "add_logentry"}}, {"model": "auth.permission", "pk": 2, "fields": {"name": "Can change log entry", "content_type": 1, "codename": "change_logentry"}}, {"model": "auth.permission", "pk": 3, "fields": {"name": "Can delete log entry", "content_type": 1, "codename": "delete_logentry"}}, {"model": "auth.permission", "pk": 4, "fields": {"name": "Can view log entry", "content_type": 1, "codename": "view_logentry"}}, {"model": "auth.permission", "pk": 5, "fields": {"name": "Can add permission", "content_type": 2, "codename": "add_permission"}}, {"model": "auth.permission", "pk": 6, "fields": {"name": "Can change permission", "content_type": 2, "codename": "change_permission"}}, {"model": "auth.permission", "pk": 7, "fields": {"name": "Can delete permission", "content_type": 2, "codename": "delete_permission"}}, {"model": "auth.permission", "pk": 8, "fields": {"name": "Can view permission", "content_type": 2, "codename": "view_permission"}}, {"model": "auth.permission", "pk": 9, "fields": {"name": "Can add group", "content_type": 3, "codename": "add_group"}}, {"model": "auth.permission", "pk": 10, "fields": {"name": "Can change group", "content_type": 3, "codename": "change_group"}}, {"model": "auth.permission", "pk": 11, "fields": {"name": "Can delete group", "content_type": 3, "codename": "delete_group"}}, {"model": "auth.permission", "pk": 12, "fields": {"name": "Can view group", "content_type": 3, "codename": "view_group"}}, {"model": "auth.permission", "pk": 13, "fields": {"name": "Can add content type", "content_type": 4, "codename": "add_contenttype"}}, {"model": "auth.permission", "pk": 14, "fields": {"name": "Can change content type", "content_type": 4, "codename": "change_contenttype"}}, {"model": "auth.permission", "pk": 15, "fields": {"name": "Can delete content type", "content_type": 4, "codename": "delete_contenttype"}}, {"model": "auth.permission", "pk": 16, "fields": {"name": "Can view content type", "content_type": 4, "codename": "view_contenttype"}}, {"model": "auth.permission", "pk": 17, "fields": {"name": "Can add session", "content_type": 5, "codename": "add_session"}}, {"model": "auth.permission", "pk": 18, "fields": {"name": "Can change session", "content_type": 5, "codename": "change_session"}}, {"model": "auth.permission", "pk": 19, "fields": {"name": "Can delete session", "content_type": 5, "codename": "delete_session"}}, {"model": "auth.permission", "pk": 20, "fields": {"name": "Can view session", "content_type": 5, "codename": "view_session"}}, {"model": "auth.permission", "pk": 21, "fields": {"name": "Can add blacklisted token", "content_type": 6, "codename": "add_blacklistedtoken"}}, {"model": "auth.permission", "pk": 22, "fields": {"name": "Can change blacklisted token", "content_type": 6, "codename": "change_blacklistedtoken"}}, {"model": "auth.permission", "pk": 23, "fields": {"name": "Can delete blacklisted token", "content_type": 6, "codename": "delete_blacklistedtoken"}}, {"model": "auth.permission", "pk": 24, "fields": {"name": "Can view blacklisted token", "content_type": 6, "codename": "view_blacklistedtoken"}}, {"model": "auth.permission", "pk": 25, "fields": {"name": "Can add outstanding token", "content_type": 7, "codename": "add_outstandingtoken"}}, {"model": "auth.permission", "pk": 26, "fields": {"name": "Can change outstanding token", "content_type": 7, "codename": "change_outstandingtoken"}}, {"model": "auth.permission", "pk": 27, "fields": {"name": "Can delete outstanding token", "content_type": 7, "codename": "delete_outstandingtoken"}}, {"model": "auth.permission", "pk": 28, "fields": {"name": "Can view outstanding token", "content_type": 7, "codename": "view_outstandingtoken"}}, {"model": "auth.permission", "pk": 29, "fields": {"name": "Can add new user", "content_type": 8, "codename": "add_newuser"}}, {"model": "auth.permission", "pk": 30, "fields": {"name": "Can change new user", "content_type": 8, "codename": "change_newuser"}}, {"model": "auth.permission", "pk": 31, "fields": {"name": "Can delete new user", "content_type": 8, "codename": "delete_newuser"}}, {"model": "auth.permission", "pk": 32, "fields": {"name": "Can view new user", "content_type": 8, "codename": "view_newuser"}}, {"model": "auth.permission", "pk": 33, "fields": {"name": "Can add stylist", "content_type": 9, "codename": "add_stylist"}}, {"model": "auth.permission", "pk": 34, "fields": {"name": "Can change stylist", "content_type": 9, "codename": "change_stylist"}}, {"model": "auth.permission", "pk": 35, "fields": {"name": "Can delete stylist", "content_type": 9, "codename": "delete_stylist"}}, {"model": "auth.permission", "pk": 36, "fields": {"name": "Can view stylist", "content_type": 9, "codename": "view_stylist"}}, {"model": "auth.permission", "pk": 37, "fields": {"name": "Can add stylist rating", "content_type": 10, "codename": "add_stylistrating"}}, {"model": "auth.permission", "pk": 38, "fields": {"name": "Can change stylist rating", "content_type": 10, "codename": "change_stylistrating"}}, {"model": "auth.permission", "pk": 39, "fields": {"name": "Can delete stylist rating", "content_type": 10, "codename": "delete_stylistrating"}}, {"model": "auth.permission", "pk": 40, "fields": {"name": "Can view stylist rating", "content_type": 10, "codename": "view_stylistrating"}}, {"model": "auth.permission", "pk": 41, "fields": {"name": "Can add category", "content_type": 11, "codename": "add_category"}}, {"model": "auth.permission", "pk": 42, "fields": {"name": "Can change category", "content_type": 11, "codename": "change_category"}}, {"model": "auth.permission", "pk": 43, "fields": {"name": "Can delete category", "content_type": 11, "codename": "delete_category"}}, {"model": "auth.permission", "pk": 44, "fields": {"name": "Can view category", "content_type": 11, "codename": "view_category"}}, {"model": "auth.permission", "pk": 45, "fields": {"name": "Can add dealer", "content_type": 12, "codename": "add_dealer"}}, {"model": "auth.permission", "pk": 46, "fields": {"name": "Can change dealer", "content_type": 12, "codename": "change_dealer"}}, {"model": "auth.permission", "pk": 47, "fields": {"name": "Can delete dealer", "content_type": 12, "codename": "delete_dealer"}}, {"model": "auth.permission", "pk": 48, "fields": {"name": "Can view dealer", "content_type": 12, "codename": "view_dealer"}}, {"model": "auth.permission", "pk": 49, "fields": {"name": "Can add order", "content_type": 13, "codename": "add_order"}}, {"model": "auth.permission", "pk": 50, "fields": {"name": "Can change order", "content_type": 13, "codename": "change_order"}}, {"model": "auth.permission", "pk": 51, "fields": {"name": "Can delete order", "content_type": 13, "codename": "delete_order"}}, {"model": "auth.permission", "pk": 52, "fields": {"name": "Can view order", "content_type": 13, "codename": "view_order"}}, {"model": "auth.permission", "pk": 53, "fields": {"name": "Can add product", "content_type": 14, "codename": "add_product"}}, {"model": "auth.permission", "pk": 54, "fields": {"name": "Can change product", "content_type": 14, "codename": "change_product"}}, {"model": "auth.permission", "pk": 55, "fields": {"name": "Can delete product", "content_type": 14, "codename": "delete_product"}}, {"model": "auth.permission", "pk": 56, "fields": {"name": "Can view product", "content_type": 14, "codename": "view_product"}}, {"model": "auth.permission", "pk": 57, "fields": {"name": "Can add shipping address", "content_type": 15, "codename": "add_shippingaddress"}}, {"model": "auth.permission", "pk": 58, "fields": {"name": "Can change shipping address", "content_type": 15, "codename": "change_shippingaddress"}}, {"model": "auth.permission", "pk": 59, "fields": {"name": "Can delete shipping address", "content_type": 15, "codename": "delete_shippingaddress"}}, {"model": "auth.permission", "pk": 60, "fields": {"name": "Can view shipping address", "content_type": 15, "codename": "view_shippingaddress"}}, {"model": "auth.permission", "pk": 61, "fields": {"name": "Can add review", "content_type": 16, "codename": "add_review"}}, {"model": "auth.permission", "pk": 62, "fields": {"name": "Can change review", "content_type": 16, "codename": "change_review"}}, {"model": "auth.permission", "pk": 63, "fields": {"name": "Can delete review", "content_type": 16, "codename": "delete_review"}}, {"model": "auth.permission", "pk": 64, "fields": {"name": "Can view review", "content_type": 16, "codename": "view_review"}}, {"model": "auth.permission", "pk": 65, "fields": {"name": "Can add order item", "content_type": 17, "codename": "add_orderitem"}}, {"model": "auth.permission", "pk": 66, "fields": {"name": "Can change order item", "content_type": 17, "codename": "change_orderitem"}}, {"model": "auth.permission", "pk": 67, "fields": {"name": "Can delete order item", "content_type": 17, "codename": "delete_orderitem"}}, {"model": "auth.permission", "pk": 68, "fields": {"name": "Can view order item", "content_type": 17, "codename": "view_orderitem"}}, {"model": "auth.permission", "pk": 69, "fields": {"name": "Can add top products", "content_type": 18, "codename": "add_topproducts"}}, {"model": "auth.permission", "pk": 70, "fields": {"name": "Can change top products", "content_type": 18, "codename": "change_topproducts"}}, {"model": "auth.permission", "pk": 71, "fields": {"name": "Can delete top products", "content_type": 18, "codename": "delete_topproducts"}}, {"model": "auth.permission", "pk": 72, "fields": {"name": "Can view top products", "content_type": 18, "codename": "view_topproducts"}}, {"model": "auth.permission", "pk": 73, "fields": {"name": "Can add carosel items", "content_type": 18, "codename": "add_caroselitems"}}, {"model": "auth.permission", "pk": 74, "fields": {"name": "Can change carosel items", "content_type": 18, "codename": "change_caroselitems"}}, {"model": "auth.permission", "pk": 75, "fields": {"name": "Can delete carosel items", "content_type": 18, "codename": "delete_caroselitems"}}, {"model": "auth.permission", "pk": 76, "fields": {"name": "Can view carosel items", "content_type": 18, "codename": "view_caroselitems"}}, {"model": "auth.permission", "pk": 77, "fields": {"name": "Can add tag", "content_type": 19, "codename": "add_tag"}}, {"model": "auth.permission", "pk": 78, "fields": {"name": "Can change tag", "content_type": 19, "codename": "change_tag"}}, {"model": "auth.permission", "pk": 79, "fields": {"name": "Can delete tag", "content_type": 19, "codename": "delete_tag"}}, {"model": "auth.permission", "pk": 80, "fields": {"name": "Can view tag", "content_type": 19, "codename": "view_tag"}}, {"model": "auth.permission", "pk": 81, "fields": {"name": "Can add sub category", "content_type": 20, "codename": "add_subcategory"}}, {"model": "auth.permission", "pk": 82, "fields": {"name": "Can change sub category", "content_type": 20, "codename": "change_subcategory"}}, {"model": "auth.permission", "pk": 83, "fields": {"name": "Can delete sub category", "content_type": 20, "codename": "delete_subcategory"}}, {"model": "auth.permission", "pk": 84, "fields": {"name": "Can view sub category", "content_type": 20, "codename": "view_subcategory"}}, {"model": "auth.permission", "pk": 85, "fields": {"name": "Can add room", "content_type": 19, "codename": "add_room"}}, {"model": "auth.permission", "pk": 86, "fields": {"name": "Can change room", "content_type": 19, "codename": "change_room"}}, {"model": "auth.permission", "pk": 87, "fields": {"name": "Can delete room", "content_type": 19, "codename": "delete_room"}}, {"model": "auth.permission", "pk": 88, "fields": {"name": "Can view room", "content_type": 19, "codename": "view_room"}}, {"model": "auth.permission", "pk": 89, "fields": {"name": "Can add Mpesa Call Back", "content_type": 21, "codename": "add_mpesacallbacks"}}, {"model": "auth.permission", "pk": 90, "fields": {"name": "Can change Mpesa Call Back", "content_type": 21, "codename": "change_mpesacallbacks"}}, {"model": "auth.permission", "pk": 91, "fields": {"name": "Can delete Mpesa Call Back", "content_type": 21, "codename": "delete_mpesacallbacks"}}, {"model": "auth.permission", "pk": 92, "fields": {"name": "Can view Mpesa Call Back", "content_type": 21, "codename": "view_mpesacallbacks"}}, {"model": "auth.permission", "pk": 93, "fields": {"name": "Can add Mpesa Call", "content_type": 22, "codename": "add_mpesacalls"}}, {"model": "auth.permission", "pk": 94, "fields": {"name": "Can change Mpesa Call", "content_type": 22, "codename": "change_mpesacalls"}}, {"model": "auth.permission", "pk": 95, "fields": {"name": "Can delete Mpesa Call", "content_type": 22, "codename": "delete_mpesacalls"}}, {"model": "auth.permission", "pk": 96, "fields": {"name": "Can view Mpesa Call", "content_type": 22, "codename": "view_mpesacalls"}}, {"model": "auth.permission", "pk": 97, "fields": {"name": "Can add Mpesa Payment", "content_type": 23, "codename": "add_mpesapayment"}}, {"model": "auth.permission", "pk": 98, "fields": {"name": "Can change Mpesa Payment", "content_type": 23, "codename": "change_mpesapayment"}}, {"model": "auth.permission", "pk": 99, "fields": {"name": "Can delete Mpesa Payment", "content_type": 23, "codename": "delete_mpesapayment"}}, {"model": "auth.permission", "pk": 100, "fields": {"name": "Can view Mpesa Payment", "content_type": 23, "codename": "view_mpesapayment"}}, {"model": "contenttypes.contenttype", "pk": 1, "fields": {"app_label": "admin", "model": "logentry"}}, {"model": "contenttypes.contenttype", "pk": 2, "fields": {"app_label": "auth", "model": "permission"}}, {"model": "contenttypes.contenttype", "pk": 3, "fields": {"app_label": "auth", "model": "group"}}, {"model": "contenttypes.contenttype", "pk": 4, "fields": {"app_label": "contenttypes", "model": "contenttype"}}, {"model": "contenttypes.contenttype", "pk": 5, "fields": {"app_label": "sessions", "model": "session"}}, {"model": "contenttypes.contenttype", "pk": 6, "fields": {"app_label": "token_blacklist", "model": "blacklistedtoken"}}, {"model": "contenttypes.contenttype", "pk": 7, "fields": {"app_label": "token_blacklist", "model": "outstandingtoken"}}, {"model": "contenttypes.contenttype", "pk": 8, "fields": {"app_label": "users", "model": "newuser"}}, {"model": "contenttypes.contenttype", "pk": 9, "fields": {"app_label": "users", "model": "stylist"}}, {"model": "contenttypes.contenttype", "pk": 10, "fields": {"app_label": "users", "model": "stylistrating"}}, {"model": "contenttypes.contenttype", "pk": 11, "fields": {"app_label": "store", "model": "category"}}, {"model": "contenttypes.contenttype", "pk": 12, "fields": {"app_label": "store", "model": "dealer"}}, {"model": "contenttypes.contenttype", "pk": 13, "fields": {"app_label": "store", "model": "order"}}, {"model": "contenttypes.contenttype", "pk": 14, "fields": {"app_label": "store", "model": "product"}}, {"model": "contenttypes.contenttype", "pk": 15, "fields": {"app_label": "store", "model": "shippingaddress"}}, {"model": "contenttypes.contenttype", "pk": 16, "fields": {"app_label": "store", "model": "review"}}, {"model": "contenttypes.contenttype", "pk": 17, "fields": {"app_label": "store", "model": "orderitem"}}, {"model": "contenttypes.contenttype", "pk": 18, "fields": {"app_label": "store", "model": "caroselitems"}}, {"model": "contenttypes.contenttype", "pk": 19, "fields": {"app_label": "store", "model": "room"}}, {"model": "contenttypes.contenttype", "pk": 20, "fields": {"app_label": "store", "model": "subcategory"}}, {"model": "contenttypes.contenttype", "pk": 21, "fields": {"app_label": "mpesa_api", "model": "mpesacallbacks"}}, {"model": "contenttypes.contenttype", "pk": 22, "fields": {"app_label": "mpesa_api", "model": "mpesacalls"}}, {"model": "contenttypes.contenttype", "pk": 23, "fields": {"app_label": "mpesa_api", "model": "mpesapayment"}}, {"model": "sessions.session", "pk": "b8lgw3upskyu7xhvki62wlth4yf8uh5p", "fields": {"session_data": ".eJxVjMEOwiAQRP-FsyFA1yx49O43EGAXqRpISnsy_rs06UGTOc17M2_hw7YWv3Ve_EziIrQ4_XYxpCfXHdAj1HuTqdV1maPcFXnQLm-N-HU93L-DEnoZ64iJFQU7go5wUgCggSNbcDlSNJO2DrPObJkUGjc4scl4BjJpSuLzBfe7OEU:1mLPdp:h-MLnaYWB9yc5E1DE3auYjxdaDIvoeFEhWJKMuLj5r0", "expire_date": "2021-09-15T12:46:57.620Z"}}, {"model": "sessions.session", "pk": "dpi2c1b031757vafuqde6b3m7558r462", "fields": {"session_data": ".eJxVjMEOwiAQRP-FsyFA1yx49O43EGAXqRpISnsy_rs06UGTOc17M2_hw7YWv3Ve_EziIrQ4_XYxpCfXHdAj1HuTqdV1maPcFXnQLm-N-HU93L-DEnoZ64iJFQU7go5wUgCggSNbcDlSNJO2DrPObJkUGjc4scl4BjJpSuLzBfe7OEU:1mGfPg:ZqTpGntwmWDzP3IHY51cmmd6MGpHM7Mb4qD9BDBGJwk", "expire_date": "2021-09-02T10:36:44.168Z"}}, {"model": "sessions.session", "pk": "j0mwxo6yr8i6fi4m5i1p9p338fxja06j", "fields": {"session_data": ".eJxVjMEOwiAQRP-FsyFA1yx49O43EGAXqRpISnsy_rs06UGTOc17M2_hw7YWv3Ve_EziIrQ4_XYxpCfXHdAj1HuTqdV1maPcFXnQLm-N-HU93L-DEnoZ64iJFQU7go5wUgCggSNbcDlSNJO2DrPObJkUGjc4scl4BjJpSuLzBfe7OEU:1mu0dt:Xq8pknuRWdT6fWbf9EsUrVS3_-DlGQ6D6eAwhKUJu0s", "expire_date": "2021-12-19T23:10:01.651Z"}}, {"model": "sessions.session", "pk": "ojxljq30bytdyi9raearuo28clqpyicw", "fields": {"session_data": ".eJxVjMEOwiAQRP-FsyFA1yx49O43EGAXqRpISnsy_rs06UGTOc17M2_hw7YWv3Ve_EziIrQ4_XYxpCfXHdAj1HuTqdV1maPcFXnQLm-N-HU93L-DEnoZ64iJFQU7go5wUgCggSNbcDlSNJO2DrPObJkUGjc4scl4BjJpSuLzBfe7OEU:1mBLFe:HPFMccfPKPmhDUOanNpz157fWdcdQsSBktItswdh0R8", "expire_date": "2021-08-18T18:04:22.217Z"}}, {"model": "sessions.session", "pk": "p07dqjtxyh701x98ebg3jx5ccndo0kf4", "fields": {"session_data": ".eJxVjMEOwiAQRP-FsyFA1yx49O43EGAXqRpISnsy_rs06UGTOc17M2_hw7YWv3Ve_EziIrQ4_XYxpCfXHdAj1HuTqdV1maPcFXnQLm-N-HU93L-DEnoZ64iJFQU7go5wUgCggSNbcDlSNJO2DrPObJkUGjc4scl4BjJpSuLzBfe7OEU:1mBGtt:jfrxuVmxMF-9R80_8iNnBPhyhU3QY5kJNGNgrhC-4-Q", "expire_date": "2021-08-18T13:25:37.046Z"}}, {"model": "sessions.session", "pk": "th1oear3g480e44vryrcwvkya7ys0vy8", "fields": {"session_data": ".eJxVjMEOwiAQRP-FsyFA1yx49O43EGAXqRpISnsy_rs06UGTOc17M2_hw7YWv3Ve_EziIrQ4_XYxpCfXHdAj1HuTqdV1maPcFXnQLm-N-HU93L-DEnoZ64iJFQU7go5wUgCggSNbcDlSNJO2DrPObJkUGjc4scl4BjJpSuLzBfe7OEU:1o3jmi:svXqOmorMWrWJuGMGbiNAQhh-BX2hN1zNd3mwNS-Cy4", "expire_date": "2022-07-05T19:43:36.630Z"}}, {"model": "token_blacklist.outstandingtoken", "pk": 1, "fields": {"user": 1, "jti": "322223f20670459a93c4d693119d87ad", "token": "eyJ0eXAiOiJKV1QiLCJhbGciOiJIUzI1NiJ9.eyJ0b2tlbl90eXBlIjoicmVmcmVzaCIsImV4cCI6MTYyODI0MjEyNCwianRpIjoiMzIyMjIzZjIwNjcwNDU5YTkzYzRkNjkzMTE5ZDg3YWQiLCJ1c2VyX2lkIjoxfQ.cwpS1mhnNFYVslocNYszqNRolv3CvRKLtYAFpJujFI8", "created_at": "2021-08-05T09:28:44.846Z", "expires_at": "2021-08-06T09:28:44Z"}}, {"model": "token_blacklist.outstandingtoken", "pk": 2, "fields": {"user": 1, "jti": "3f4eff7b2a5e4511b557e3e201184416", "token": "eyJ0eXAiOiJKV1QiLCJhbGciOiJIUzI1NiJ9.eyJ0b2tlbl90eXBlIjoicmVmcmVzaCIsImV4cCI6MTYyODI0MjkxNiwianRpIjoiM2Y0ZWZmN2IyYTVlNDUxMWI1NTdlM2UyMDExODQ0MTYiLCJ1c2VyX2lkIjoxfQ.aKUk_EUj64yILhZuuPSjddZ4nc4mUBABiuvlQuuZvz0", "created_at": "2021-08-05T09:41:56.821Z", "expires_at": "2021-08-06T09:41:56Z"}}, {"model": "token_blacklist.outstandingtoken", "pk": 3, "fields": {"user": 1, "jti": "dddf1fb0f14c4489a1292e2640f3db71", "token": "eyJ0eXAiOiJKV1QiLCJhbGciOiJIUzI1NiJ9.eyJ0b2tlbl90eXBlIjoicmVmcmVzaCIsImV4cCI6MTYyODI0MzIyNCwianRpIjoiZGRkZjFmYjBmMTRjNDQ4OWExMjkyZTI2NDBmM2RiNzEiLCJ1c2VyX2lkIjoxfQ.bLrWhZhbSVfmZEdXjaxqluLKQO0648YoW_DopoMRVpQ", "created_at": "2021-08-05T09:47:04.049Z", "expires_at": "2021-08-06T09:47:04Z"}}, {"model": "token_blacklist.outstandingtoken", "pk": 4, "fields": {"user": 1, "jti": "01ea46b8f2314defa217bc1d5fd20164", "token": "eyJ0eXAiOiJKV1QiLCJhbGciOiJIUzI1NiJ9.eyJ0b2tlbl90eXBlIjoicmVmcmVzaCIsImV4cCI6MTYyODY2OTMyNCwianRpIjoiMDFlYTQ2YjhmMjMxNGRlZmEyMTdiYzFkNWZkMjAxNjQiLCJ1c2VyX2lkIjoxfQ.-bSpe1nwz8oUxF9c1gljngaRiCodLWZ99gYyESiqD5I", "created_at": "2021-08-10T08:08:44.087Z", "expires_at": "2021-08-11T08:08:44Z"}}, {"model": "token_blacklist.outstandingtoken", "pk": 5, "fields": {"user": 1, "jti": "c98f23c2e40543d0abcd3a73deb1bcb1", "token": "eyJ0eXAiOiJKV1QiLCJhbGciOiJIUzI1NiJ9.eyJ0b2tlbl90eXBlIjoicmVmcmVzaCIsImV4cCI6MTYyODY5MTAwNywianRpIjoiYzk4ZjIzYzJlNDA1NDNkMGFiY2QzYTczZGViMWJjYjEiLCJ1c2VyX2lkIjoxfQ.UvPu8gEOlBBA74PJh6-nA1KqRY1dVh39C7tQXCLEmjE", "created_at": "2021-08-10T14:10:07.571Z", "expires_at": "2021-08-11T14:10:07Z"}}, {"model": "token_blacklist.outstandingtoken", "pk": 6, "fields": {"user": 2, "jti": "73b635d0c2984c5da698b5b1d7c98899", "token": "eyJ0eXAiOiJKV1QiLCJhbGciOiJIUzI1NiJ9.eyJ0b2tlbl90eXBlIjoicmVmcmVzaCIsImV4cCI6MTYyODcxMTE3OCwianRpIjoiNzNiNjM1ZDBjMjk4NGM1ZGE2OThiNWIxZDdjOTg4OTkiLCJ1c2VyX2lkIjoyfQ.wv6TLFnU4UXTWAIfjH9y2zd3yrXR01RT_1IKoCMhb6k", "created_at": "2021-08-10T19:46:18.581Z", "expires_at": "2021-08-11T19:46:18Z"}}, {"model": "token_blacklist.outstandingtoken", "pk": 7, "fields": {"user": 1, "jti": "d83c2a9fb63742a0a49d25ab8f318cb4", "token": "eyJ0eXAiOiJKV1QiLCJhbGciOiJIUzI1NiJ9.eyJ0b2tlbl90eXBlIjoicmVmcmVzaCIsImV4cCI6MTYyODcxNjM0NCwianRpIjoiZDgzYzJhOWZiNjM3NDJhMGE0OWQyNWFiOGYzMThjYjQiLCJ1c2VyX2lkIjoxfQ.NMj_ocslOM7prcauILOV8ZhMK1r8b0PauAVOunl9DoQ", "created_at": "2021-08-10T21:12:24.584Z", "expires_at": "2021-08-11T21:12:24Z"}}, {"model": "token_blacklist.outstandingtoken", "pk": 8, "fields": {"user": 1, "jti": "8cdc59cd3d9d492781b8c01f780df811", "token": "eyJ0eXAiOiJKV1QiLCJhbGciOiJIUzI1NiJ9.eyJ0b2tlbl90eXBlIjoicmVmcmVzaCIsImV4cCI6MTYyODg4MDYxMCwianRpIjoiOGNkYzU5Y2QzZDlkNDkyNzgxYjhjMDFmNzgwZGY4MTEiLCJ1c2VyX2lkIjoxfQ.7dkHM8jHVt7J4Q7jhyAscmBylKVmVjvchObhWJC9v-M", "created_at": "2021-08-12T18:50:10.201Z", "expires_at": "2021-08-13T18:50:10Z"}}, {"model": "token_blacklist.outstandingtoken", "pk": 9, "fields": {"user": 1, "jti": "90819e744cf3403ab1045df58f68f77d", "token": "eyJ0eXAiOiJKV1QiLCJhbGciOiJIUzI1NiJ9.eyJ0b2tlbl90eXBlIjoicmVmcmVzaCIsImV4cCI6MTYyOTQ4MTgwOCwianRpIjoiOTA4MTllNzQ0Y2YzNDAzYWIxMDQ1ZGY1OGY2OGY3N2QiLCJ1c2VyX2lkIjoxfQ.R0SqrkFULjtiWH1JAQj2EVNCD6F19bL9zm_63VGkz2c", "created_at": "2021-08-19T17:50:08.049Z", "expires_at": "2021-08-20T17:50:08Z"}}, {"model": "token_blacklist.outstandingtoken", "pk": 10, "fields": {"user": 1, "jti": "cecf582f937a472b9023788b785bfbcf", "token": "eyJ0eXAiOiJKV1QiLCJhbGciOiJIUzI1NiJ9.eyJ0b2tlbl90eXBlIjoicmVmcmVzaCIsImV4cCI6MTYyOTQ4MTkwNSwianRpIjoiY2VjZjU4MmY5MzdhNDcyYjkwMjM3ODhiNzg1YmZiY2YiLCJ1c2VyX2lkIjoxfQ.Iv_5N2Hja_N6ubrvdynKDIeXZvuOO5gCcX5eaL4E45I", "created_at": "2021-08-19T17:51:45.749Z", "expires_at": "2021-08-20T17:51:45Z"}}, {"model": "token_blacklist.outstandingtoken", "pk": 11, "fields": {"user": 1, "jti": "2ee220fccb2c4202b38b400e5ffeb5ed", "token": "eyJ0eXAiOiJKV1QiLCJhbGciOiJIUzI1NiJ9.eyJ0b2tlbl90eXBlIjoicmVmcmVzaCIsImV4cCI6MTYyOTQ4MzI4OCwianRpIjoiMmVlMjIwZmNjYjJjNDIwMmIzOGI0MDBlNWZmZWI1ZWQiLCJ1c2VyX2lkIjoxfQ.XvfJgEB3c7bQ-JW9b1BnGA9JY_VSsZvrkRBHm8vEATw", "created_at": "2021-08-19T18:14:48.054Z", "expires_at": "2021-08-20T18:14:48Z"}}, {"model": "token_blacklist.outstandingtoken", "pk": 12, "fields": {"user": 1, "jti": "a902d8d362c740368108ddaf1d092216", "token": "eyJ0eXAiOiJKV1QiLCJhbGciOiJIUzI1NiJ9.eyJ0b2tlbl90eXBlIjoicmVmcmVzaCIsImV4cCI6MTYyOTQ4MzUzNywianRpIjoiYTkwMmQ4ZDM2MmM3NDAzNjgxMDhkZGFmMWQwOTIyMTYiLCJ1c2VyX2lkIjoxfQ.0kOjm16mU83punP6H52zzS8EzoHJJNVCeOoeM7aWwTE", "created_at": "2021-08-19T18:18:57.790Z", "expires_at": "2021-08-20T18:18:57Z"}}, {"model": "token_blacklist.outstandingtoken", "pk": 13, "fields": {"user": 1, "jti": "0ea90caa19e14e4fa93c32fe0a85428f", "token": "eyJ0eXAiOiJKV1QiLCJhbGciOiJIUzI1NiJ9.eyJ0b2tlbl90eXBlIjoicmVmcmVzaCIsImV4cCI6MTYyOTQ4MzU3NywianRpIjoiMGVhOTBjYWExOWUxNGU0ZmE5M2MzMmZlMGE4NTQyOGYiLCJ1c2VyX2lkIjoxfQ.dJKfpk7khFA1WZreFcmrUQPGeSzROecjCWloVmDACIw", "created_at": "2021-08-19T18:19:37.365Z", "expires_at": "2021-08-20T18:19:37Z"}}, {"model": "token_blacklist.outstandingtoken", "pk": 14, "fields": {"user": 1, "jti": "b4802d05b9ec49e4bdad1e4719d27d6d", "token": "eyJ0eXAiOiJKV1QiLCJhbGciOiJIUzI1NiJ9.eyJ0b2tlbl90eXBlIjoicmVmcmVzaCIsImV4cCI6MTYyOTQ4NDE3MCwianRpIjoiYjQ4MDJkMDViOWVjNDllNGJkYWQxZTQ3MTlkMjdkNmQiLCJ1c2VyX2lkIjoxfQ.lEkYxu6YdJuD31AFRFb98Z9cLgnGU76YVKvVl6enMv4", "created_at": "2021-08-19T18:29:30.857Z", "expires_at": "2021-08-20T18:29:30Z"}}, {"model": "token_blacklist.outstandingtoken", "pk": 15, "fields": {"user": 3, "jti": "d869cc9cfc014eeab9ba8e4309562c78", "token": "eyJ0eXAiOiJKV1QiLCJhbGciOiJIUzI1NiJ9.eyJ0b2tlbl90eXBlIjoicmVmcmVzaCIsImV4cCI6MTYyOTQ4ODMyNCwianRpIjoiZDg2OWNjOWNmYzAxNGVlYWI5YmE4ZTQzMDk1NjJjNzgiLCJ1c2VyX2lkIjozfQ.e5NM1DDONC1lrJL7p0eHv57UNsn01zx1zVbSNjPaxn0", "created_at": "2021-08-19T19:38:44.029Z", "expires_at": "2021-08-20T19:38:44Z"}}, {"model": "token_blacklist.outstandingtoken", "pk": 16, "fields": {"user": 1, "jti": "fef1220b52a3453b96a21dd32687edbc", "token": "eyJ0eXAiOiJKV1QiLCJhbGciOiJIUzI1NiJ9.eyJ0b2tlbl90eXBlIjoicmVmcmVzaCIsImV4cCI6MTYyOTQ4OTE1OCwianRpIjoiZmVmMTIyMGI1MmEzNDUzYjk2YTIxZGQzMjY4N2VkYmMiLCJ1c2VyX2lkIjoxfQ.ualezW_2_kO2Vp0_sTZcpYjqYKrSgQr0fwvYtsvpdnI", "created_at": "2021-08-19T19:52:38.119Z", "expires_at": "2021-08-20T19:52:38Z"}}, {"model": "token_blacklist.outstandingtoken", "pk": 17, "fields": {"user": 5, "jti": "f7657ee879b246569246a8ebdf0c3d7d", "token": "eyJ0eXAiOiJKV1QiLCJhbGciOiJIUzI1NiJ9.eyJ0b2tlbl90eXBlIjoicmVmcmVzaCIsImV4cCI6MTYyOTQ5NzEwMywianRpIjoiZjc2NTdlZTg3OWIyNDY1NjkyNDZhOGViZGYwYzNkN2QiLCJ1c2VyX2lkIjo1fQ.UkJP5CZ1sFhXBZyZsu5mgG5sImtDSvvVDd0PQp3w2ps", "created_at": "2021-08-19T22:05:03.806Z", "expires_at": "2021-08-20T22:05:03Z"}}, {"model": "token_blacklist.outstandingtoken", "pk": 18, "fields": {"user": 5, "jti": "57d16ea9eb1742248ed2845651c3395e", "token": "eyJ0eXAiOiJKV1QiLCJhbGciOiJIUzI1NiJ9.eyJ0b2tlbl90eXBlIjoicmVmcmVzaCIsImV4cCI6MTYyOTQ5NzE1MiwianRpIjoiNTdkMTZlYTllYjE3NDIyNDhlZDI4NDU2NTFjMzM5NWUiLCJ1c2VyX2lkIjo1fQ.qRSxg692Lm2xg9KrVG8oIUUibLR2f7_qTjda69AKa2I", "created_at": "2021-08-19T22:05:52.162Z", "expires_at": "2021-08-20T22:05:52Z"}}, {"model": "token_blacklist.outstandingtoken", "pk": 19, "fields": {"user": 1, "jti": "fcbb0e13228a48e1969c85ec44c8f493", "token": "eyJ0eXAiOiJKV1QiLCJhbGciOiJIUzI1NiJ9.eyJ0b2tlbl90eXBlIjoicmVmcmVzaCIsImV4cCI6MTYyOTUwMDk5MiwianRpIjoiZmNiYjBlMTMyMjhhNDhlMTk2OWM4NWVjNDRjOGY0OTMiLCJ1c2VyX2lkIjoxfQ.Ygy6FqRf0IE2CkEPhMmSI__5sA-Ps0D-6Hv1jWr1LiU", "created_at": "2021-08-19T23:09:52.540Z", "expires_at": "2021-08-20T23:09:52Z"}}, {"model": "token_blacklist.outstandingtoken", "pk": 20, "fields": {"user": 3, "jti": "6ac1cd10ca9343cc9212c8b9ffa5dfbe", "token": "eyJ0eXAiOiJKV1QiLCJhbGciOiJIUzI1NiJ9.eyJ0b2tlbl90eXBlIjoicmVmcmVzaCIsImV4cCI6MTYyOTU3NjM1NiwianRpIjoiNmFjMWNkMTBjYTkzNDNjYzkyMTJjOGI5ZmZhNWRmYmUiLCJ1c2VyX2lkIjozfQ.2LmYeVm1Vf-N95LDmAA_Qoodsc22c2EG5HejXYlB_No", "created_at": "2021-08-20T20:05:56.637Z", "expires_at": "2021-08-21T20:05:56Z"}}, {"model": "token_blacklist.outstandingtoken", "pk": 21, "fields": {"user": 4, "jti": "01eb4b9a3e7742fcbfdd739de1f38172", "token": "eyJ0eXAiOiJKV1QiLCJhbGciOiJIUzI1NiJ9.eyJ0b2tlbl90eXBlIjoicmVmcmVzaCIsImV4cCI6MTYyOTU3NzMwNiwianRpIjoiMDFlYjRiOWEzZTc3NDJmY2JmZGQ3MzlkZTFmMzgxNzIiLCJ1c2VyX2lkIjo0fQ.lhae8zjtLbXP32Kuo773RtehXgrJ4T95rxzYiMveZIQ", "created_at": "2021-08-20T20:21:46.262Z", "expires_at": "2021-08-21T20:21:46Z"}}, {"model": "token_blacklist.outstandingtoken", "pk": 22, "fields": {"user": 3, "jti": "f792e98b58224efd9c534a9bf1a5611d", "token": "eyJ0eXAiOiJKV1QiLCJhbGciOiJIUzI1NiJ9.eyJ0b2tlbl90eXBlIjoicmVmcmVzaCIsImV4cCI6MTYyOTU2MDIyMywianRpIjoiZjc5MmU5OGI1ODIyNGVmZDljNTM0YTliZjFhNTYxMWQiLCJ1c2VyX2lkIjozfQ.65BGxb5jf1mEsLbcB-PfEHwAYe3p4qsKQPSkgqJea5Q", "created_at": "2021-08-20T15:37:03.816Z", "expires_at": "2021-08-21T15:37:03Z"}}, {"model": "token_blacklist.outstandingtoken", "pk": 23, "fields": {"user": 3, "jti": "81b5973741b74354a95e273da27854cb", "token": "eyJ0eXAiOiJKV1QiLCJhbGciOiJIUzI1NiJ9.eyJ0b2tlbl90eXBlIjoicmVmcmVzaCIsImV4cCI6MTYyOTgxNjg1NSwianRpIjoiODFiNTk3Mzc0MWI3NDM1NGE5NWUyNzNkYTI3ODU0Y2IiLCJ1c2VyX2lkIjozfQ.7E_KD512ingoP0MYdWa3wGYMQaG01O11G4fR2-VcxCw", "created_at": "2021-08-23T14:54:15.948Z", "expires_at": "2021-08-24T14:54:15Z"}}, {"model": "token_blacklist.outstandingtoken", "pk": 24, "fields": {"user": 1, "jti": "2e097c872c38433f8df78ff3b1bb9cd4", "token": "eyJ0eXAiOiJKV1QiLCJhbGciOiJIUzI1NiJ9.eyJ0b2tlbl90eXBlIjoicmVmcmVzaCIsImV4cCI6MTYyOTgzMDk4MiwianRpIjoiMmUwOTdjODcyYzM4NDMzZjhkZjc4ZmYzYjFiYjljZDQiLCJ1c2VyX2lkIjoxfQ.6WFG6gDw5IlxAO3ebbrKHyJYzJy9SvJnu8FdxMAto50", "created_at": "2021-08-23T18:49:42.040Z", "expires_at": "2021-08-24T18:49:42Z"}}, {"model": "token_blacklist.outstandingtoken", "pk": 25, "fields": {"user": 3, "jti": "a13bfd51e7a94cd280ec1513f648e6ef", "token": "eyJ0eXAiOiJKV1QiLCJhbGciOiJIUzI1NiJ9.eyJ0b2tlbl90eXBlIjoicmVmcmVzaCIsImV4cCI6MTYyOTgzMTI2MSwianRpIjoiYTEzYmZkNTFlN2E5NGNkMjgwZWMxNTEzZjY0OGU2ZWYiLCJ1c2VyX2lkIjozfQ.i7DeTemr0HGhk0gMPjxdkvfg-_6G-iSBvSycgol7EYY", "created_at": "2021-08-23T18:54:21.182Z", "expires_at": "2021-08-24T18:54:21Z"}}, {"model": "token_blacklist.outstandingtoken", "pk": 26, "fields": {"user": 3, "jti": "8d7de4729918453b9749a63b39048c32", "token": "eyJ0eXAiOiJKV1QiLCJhbGciOiJIUzI1NiJ9.eyJ0b2tlbl90eXBlIjoicmVmcmVzaCIsImV4cCI6MTYyOTgzMTc3MywianRpIjoiOGQ3ZGU0NzI5OTE4NDUzYjk3NDlhNjNiMzkwNDhjMzIiLCJ1c2VyX2lkIjozfQ.wIovBpzjIoV9FrL1raXbea4BWJkjjIIPWERtTSBsjLw", "created_at": "2021-08-23T19:02:53.174Z", "expires_at": "2021-08-24T19:02:53Z"}}, {"model": "token_blacklist.outstandingtoken", "pk": 27, "fields": {"user": 5, "jti": "d8f1daa9c12e45a08cca8b4b92c3e2eb", "token": "eyJ0eXAiOiJKV1QiLCJhbGciOiJIUzI1NiJ9.eyJ0b2tlbl90eXBlIjoicmVmcmVzaCIsImV4cCI6MTYyOTgzMjU2NiwianRpIjoiZDhmMWRhYTljMTJlNDVhMDhjY2E4YjRiOTJjM2UyZWIiLCJ1c2VyX2lkIjo1fQ.hjcwEgKnGFrVuE_4YJxAKjxfnMDziC6JiFx_9xVUT1s", "created_at": "2021-08-23T19:16:06.721Z", "expires_at": "2021-08-24T19:16:06Z"}}, {"model": "token_blacklist.outstandingtoken", "pk": 28, "fields": {"user": 5, "jti": "80a20e1303734f0094d3f89847c54988", "token": "eyJ0eXAiOiJKV1QiLCJhbGciOiJIUzI1NiJ9.eyJ0b2tlbl90eXBlIjoicmVmcmVzaCIsImV4cCI6MTYyOTgzMzE0MiwianRpIjoiODBhMjBlMTMwMzczNGYwMDk0ZDNmODk4NDdjNTQ5ODgiLCJ1c2VyX2lkIjo1fQ.ZmsYbDswd1eCMKhWRiWLYzZpKdJknQCGmMrMLXJoIwc", "created_at": "2021-08-23T19:25:42.537Z", "expires_at": "2021-08-24T19:25:42Z"}}, {"model": "token_blacklist.outstandingtoken", "pk": 29, "fields": {"user": 3, "jti": "8b9c5e525ded465b8660993b71f7416b", "token": "eyJ0eXAiOiJKV1QiLCJhbGciOiJIUzI1NiJ9.eyJ0b2tlbl90eXBlIjoicmVmcmVzaCIsImV4cCI6MTYyOTgzMzMyOSwianRpIjoiOGI5YzVlNTI1ZGVkNDY1Yjg2NjA5OTNiNzFmNzQxNmIiLCJ1c2VyX2lkIjozfQ.-B3O5-0aBmaQXhqS98PMHnD09zEFDQX3bQqZ0jrodMU", "created_at": "2021-08-23T19:28:49.035Z", "expires_at": "2021-08-24T19:28:49Z"}}, {"model": "token_blacklist.outstandingtoken", "pk": 30, "fields": {"user": 3, "jti": "d166f89aab42447b953857018b0c1129", "token": "eyJ0eXAiOiJKV1QiLCJhbGciOiJIUzI1NiJ9.eyJ0b2tlbl90eXBlIjoicmVmcmVzaCIsImV4cCI6MTYyOTgzMzYzOSwianRpIjoiZDE2NmY4OWFhYjQyNDQ3Yjk1Mzg1NzAxOGIwYzExMjkiLCJ1c2VyX2lkIjozfQ.lFCq0UJrdnUJrnx9_VPdnuzDPLBskcuaPwYysSlezBg", "created_at": "2021-08-23T19:33:59.019Z", "expires_at": "2021-08-24T19:33:59Z"}}, {"model": "token_blacklist.outstandingtoken", "pk": 31, "fields": {"user": 3, "jti": "6d9e407b69e14812ae0019c07403e6f3", "token": "eyJ0eXAiOiJKV1QiLCJhbGciOiJIUzI1NiJ9.eyJ0b2tlbl90eXBlIjoicmVmcmVzaCIsImV4cCI6MTYyOTgzMzgzMSwianRpIjoiNmQ5ZTQwN2I2OWUxNDgxMmFlMDAxOWMwNzQwM2U2ZjMiLCJ1c2VyX2lkIjozfQ.NZI_6zxOqiigo8giwz-PGaEbp10BpkNe_fqU9FXyhjA", "created_at": "2021-08-23T19:37:11.154Z", "expires_at": "2021-08-24T19:37:11Z"}}, {"model": "token_blacklist.outstandingtoken", "pk": 32, "fields": {"user": 1, "jti": "c6784a27fb824ed3bb6b526eddabd2ed", "token": "eyJ0eXAiOiJKV1QiLCJhbGciOiJIUzI1NiJ9.eyJ0b2tlbl90eXBlIjoicmVmcmVzaCIsImV4cCI6MTYyOTgzNDIzNywianRpIjoiYzY3ODRhMjdmYjgyNGVkM2JiNmI1MjZlZGRhYmQyZWQiLCJ1c2VyX2lkIjoxfQ.6Cs-KRmFrEdpyPMVioifTUNTqJFe0yxU_cGK-tZrt6A", "created_at": "2021-08-23T19:43:57.896Z", "expires_at": "2021-08-24T19:43:57Z"}}, {"model": "token_blacklist.outstandingtoken", "pk": 33, "fields": {"user": 4, "jti": "5f6294946fb7475aac927adff5e1b8b6", "token": "eyJ0eXAiOiJKV1QiLCJhbGciOiJIUzI1NiJ9.eyJ0b2tlbl90eXBlIjoicmVmcmVzaCIsImV4cCI6MTYyOTgzNjc5MywianRpIjoiNWY2Mjk0OTQ2ZmI3NDc1YWFjOTI3YWRmZjVlMWI4YjYiLCJ1c2VyX2lkIjo0fQ.fFsNess_JcZzdx2emWIQvTwZLmdZEJVk2BPOfCGjPSw", "created_at": "2021-08-23T20:26:33.354Z", "expires_at": "2021-08-24T20:26:33Z"}}, {"model": "token_blacklist.outstandingtoken", "pk": 34, "fields": {"user": 1, "jti": "30394bcdb58a467bb2e6652477638eac", "token": "eyJ0eXAiOiJKV1QiLCJhbGciOiJIUzI1NiJ9.eyJ0b2tlbl90eXBlIjoicmVmcmVzaCIsImV4cCI6MTYyOTgzNzExNCwianRpIjoiMzAzOTRiY2RiNThhNDY3YmIyZTY2NTI0Nzc2MzhlYWMiLCJ1c2VyX2lkIjoxfQ.7sm8NO1CyvSPw_jGh6vLvt6l18SoAwmVk1A0W2MpobE", "created_at": "2021-08-23T20:31:54.675Z", "expires_at": "2021-08-24T20:31:54Z"}}, {"model": "token_blacklist.outstandingtoken", "pk": 35, "fields": {"user": 4, "jti": "16692eeb925841e6b36aaff23db2f6fd", "token": "eyJ0eXAiOiJKV1QiLCJhbGciOiJIUzI1NiJ9.eyJ0b2tlbl90eXBlIjoicmVmcmVzaCIsImV4cCI6MTYyOTg3MjUxMSwianRpIjoiMTY2OTJlZWI5MjU4NDFlNmIzNmFhZmYyM2RiMmY2ZmQiLCJ1c2VyX2lkIjo0fQ.ZGllnPHNAdHLMKCW01CBgoIfVfnDNKGmPY8PBHyxMpo", "created_at": "2021-08-24T06:21:51.441Z", "expires_at": "2021-08-25T06:21:51Z"}}, {"model": "token_blacklist.outstandingtoken", "pk": 36, "fields": {"user": 4, "jti": "995d778741e541bdb4b2fbaa022eae10", "token": "eyJ0eXAiOiJKV1QiLCJhbGciOiJIUzI1NiJ9.eyJ0b2tlbl90eXBlIjoicmVmcmVzaCIsImV4cCI6MTYyOTg2ODA4OSwianRpIjoiOTk1ZDc3ODc0MWU1NDFiZGI0YjJmYmFhMDIyZWFlMTAiLCJ1c2VyX2lkIjo0fQ.LYcEEne_qTBDYW4Q8CiRrjKnIWX2YrVCp7V1hi9a2sE", "created_at": "2021-08-24T05:08:09.415Z", "expires_at": "2021-08-25T05:08:09Z"}}, {"model": "token_blacklist.outstandingtoken", "pk": 37, "fields": {"user": 4, "jti": "d91ade6feb5845f7a5648d1377f209fe", "token": "eyJ0eXAiOiJKV1QiLCJhbGciOiJIUzI1NiJ9.eyJ0b2tlbl90eXBlIjoicmVmcmVzaCIsImV4cCI6MTYyOTg4MzE3NCwianRpIjoiZDkxYWRlNmZlYjU4NDVmN2E1NjQ4ZDEzNzdmMjA5ZmUiLCJ1c2VyX2lkIjo0fQ.tauer27i5BkSp4kpwwpY_SHTJ9a0zmPOTheISymV-dw", "created_at": "2021-08-24T09:19:34.449Z", "expires_at": "2021-08-25T09:19:34Z"}}, {"model": "token_blacklist.outstandingtoken", "pk": 38, "fields": {"user": 4, "jti": "4b780d402eb8435c904817ea2062d435", "token": "eyJ0eXAiOiJKV1QiLCJhbGciOiJIUzI1NiJ9.eyJ0b2tlbl90eXBlIjoicmVmcmVzaCIsImV4cCI6MTYyOTg4NTE1OSwianRpIjoiNGI3ODBkNDAyZWI4NDM1YzkwNDgxN2VhMjA2MmQ0MzUiLCJ1c2VyX2lkIjo0fQ.riLvCfUdj_Rr0ItvO-Q05fqDixytXgMsIvPkTN6FYSs", "created_at": "2021-08-24T09:52:39.443Z", "expires_at": "2021-08-25T09:52:39Z"}}, {"model": "token_blacklist.outstandingtoken", "pk": 39, "fields": {"user": 4, "jti": "c84ee6efbc93493cb07dc399496ef378", "token": "eyJ0eXAiOiJKV1QiLCJhbGciOiJIUzI1NiJ9.eyJ0b2tlbl90eXBlIjoicmVmcmVzaCIsImV4cCI6MTYyOTg4NjE5MSwianRpIjoiYzg0ZWU2ZWZiYzkzNDkzY2IwN2RjMzk5NDk2ZWYzNzgiLCJ1c2VyX2lkIjo0fQ.EebHJl6k3st1UC-_WFFnbDVUEpY69eGMsxlM1dlKAsY", "created_at": "2021-08-24T10:09:51.401Z", "expires_at": "2021-08-25T10:09:51Z"}}, {"model": "token_blacklist.outstandingtoken", "pk": 40, "fields": {"user": 4, "jti": "4f48d23eaf6e46f4b12e98f599b49854", "token": "eyJ0eXAiOiJKV1QiLCJhbGciOiJIUzI1NiJ9.eyJ0b2tlbl90eXBlIjoicmVmcmVzaCIsImV4cCI6MTYyOTg5MjY3NywianRpIjoiNGY0OGQyM2VhZjZlNDZmNGIxMmU5OGY1OTliNDk4NTQiLCJ1c2VyX2lkIjo0fQ.6jlBKNLC38f2SQlPJMm0i4TCR6MJ0oOxtb1Hc5TF-WA", "created_at": "2021-08-24T11:57:57.640Z", "expires_at": "2021-08-25T11:57:57Z"}}, {"model": "token_blacklist.outstandingtoken", "pk": 41, "fields": {"user": 3, "jti": "7e07c2de73b2426393ecebf2c3e6273b", "token": "eyJ0eXAiOiJKV1QiLCJhbGciOiJIUzI1NiJ9.eyJ0b2tlbl90eXBlIjoicmVmcmVzaCIsImV4cCI6MTYyOTg5MjY5OSwianRpIjoiN2UwN2MyZGU3M2IyNDI2MzkzZWNlYmYyYzNlNjI3M2IiLCJ1c2VyX2lkIjozfQ.jrlMWDpKAl-kSAnX1K4jX7EV0ziSOUoDpAZcuuvfp6s", "created_at": "2021-08-24T11:58:19.509Z", "expires_at": "2021-08-25T11:58:19Z"}}, {"model": "token_blacklist.outstandingtoken", "pk": 42, "fields": {"user": 4, "jti": "ed4ae5d76bff449fb3c197ab990f4da7", "token": "eyJ0eXAiOiJKV1QiLCJhbGciOiJIUzI1NiJ9.eyJ0b2tlbl90eXBlIjoicmVmcmVzaCIsImV4cCI6MTYzMTA0NzYxOCwianRpIjoiZWQ0YWU1ZDc2YmZmNDQ5ZmIzYzE5N2FiOTkwZjRkYTciLCJ1c2VyX2lkIjo0fQ.Bekm4gJWObulZT0EIWD3svvJKSbVj4Jb4KFH2X-Tu5c", "created_at": "2021-09-06T20:46:58.650Z", "expires_at": "2021-09-07T20:46:58Z"}}, {"model": "token_blacklist.outstandingtoken", "pk": 43, "fields": {"user": 4, "jti": "daf2b8ddff7147478842ccc00fef55ea", "token": "eyJ0eXAiOiJKV1QiLCJhbGciOiJIUzI1NiJ9.eyJ0b2tlbl90eXBlIjoicmVmcmVzaCIsImV4cCI6MTYzMTc4NTg3NSwianRpIjoiZGFmMmI4ZGRmZjcxNDc0Nzg4NDJjY2MwMGZlZjU1ZWEiLCJ1c2VyX2lkIjo0fQ.anR-22ejTBDCziC4XVEW1_5WJIVi-kKYZ9X39RWYCiQ", "created_at": "2021-09-15T09:51:15.956Z", "expires_at": "2021-09-16T09:51:15Z"}}, {"model": "token_blacklist.outstandingtoken", "pk": 44, "fields": {"user": 4, "jti": "c69f3b0fa65a4d6e803df7d1fe96d28f", "token": "eyJ0eXAiOiJKV1QiLCJhbGciOiJIUzI1NiJ9.eyJ0b2tlbl90eXBlIjoicmVmcmVzaCIsImV4cCI6MTYzMTc4ODcyMywianRpIjoiYzY5ZjNiMGZhNjVhNGQ2ZTgwM2RmN2QxZmU5NmQyOGYiLCJ1c2VyX2lkIjo0fQ.4dud2Lh0GVNYLrA0CRtB4KO2mjsXJ9S2Rf99sgnGtxg", "created_at": "2021-09-15T10:38:43.464Z", "expires_at": "2021-09-16T10:38:43Z"}}, {"model": "token_blacklist.outstandingtoken", "pk": 45, "fields": {"user": 4, "jti": "1f7dbe5096b04d2c8fdd1613b2aeb391", "token": "eyJ0eXAiOiJKV1QiLCJhbGciOiJIUzI1NiJ9.eyJ0b2tlbl90eXBlIjoicmVmcmVzaCIsImV4cCI6MTYzMTc5MDc1NiwianRpIjoiMWY3ZGJlNTA5NmIwNGQyYzhmZGQxNjEzYjJhZWIzOTEiLCJ1c2VyX2lkIjo0fQ.g3WVB-tjwg4rF1nz2HaBzSTerPRabd0R6c2tR3cSrQE", "created_at": "2021-09-15T11:12:36.730Z", "expires_at": "2021-09-16T11:12:36Z"}}, {"model": "token_blacklist.outstandingtoken", "pk": 46, "fields": {"user": 3, "jti": "da2e79285ac746878e5e2ea5e5716115", "token": "eyJ0eXAiOiJKV1QiLCJhbGciOiJIUzI1NiJ9.eyJ0b2tlbl90eXBlIjoicmVmcmVzaCIsImV4cCI6MTY1Mjc1NDcxOCwianRpIjoiZGEyZTc5Mjg1YWM3NDY4NzhlNWUyZWE1ZTU3MTYxMTUiLCJ1c2VyX2lkIjozfQ.gn9Ytu2r8UPDOQ-A4fSNKFTpo3otssrBldYyjtlclLc", "created_at": "2022-05-16T02:31:58.256Z", "expires_at": "2022-05-17T02:31:58Z"}}, {"model": "token_blacklist.outstandingtoken", "pk": 47, "fields": {"user": 3, "jti": "45313c3086b14afb96ede940726017e6", "token": "eyJ0eXAiOiJKV1QiLCJhbGciOiJIUzI1NiJ9.eyJ0b2tlbl90eXBlIjoicmVmcmVzaCIsImV4cCI6MTY1NTkyODY0OCwianRpIjoiNDUzMTNjMzA4NmIxNGFmYjk2ZWRlOTQwNzI2MDE3ZTYiLCJ1c2VyX2lkIjozfQ.GOCIXZNmqIt3PVvwQaHLVcQDSibu89MLs58NsaaXg_8", "created_at": "2022-06-21T20:10:48.543Z", "expires_at": "2022-06-22T20:10:48Z"}}, {"model": "token_blacklist.outstandingtoken", "pk": 48, "fields": {"user": 3, "jti": "5d6c432b30fe49bbba2222ca25733ef8", "token": "eyJ0eXAiOiJKV1QiLCJhbGciOiJIUzI1NiJ9.eyJ0b2tlbl90eXBlIjoicmVmcmVzaCIsImV4cCI6MTY1NTkyOTY2NSwianRpIjoiNWQ2YzQzMmIzMGZlNDliYmJhMjIyMmNhMjU3MzNlZjgiLCJ1c2VyX2lkIjozfQ.2J4gcFBwI36PsLz3IfsOLR0YXsRDnRWkIlIHjfhJ0bE", "created_at": "2022-06-21T20:27:45.151Z", "expires_at": "2022-06-22T20:27:45Z"}}, {"model": "token_blacklist.outstandingtoken", "pk": 49, "fields": {"user": 3, "jti": "b43e94aa32f24946a3cfdcf0e2a956d3", "token": "eyJ0eXAiOiJKV1QiLCJhbGciOiJIUzI1NiJ9.eyJ0b2tlbl90eXBlIjoicmVmcmVzaCIsImV4cCI6MTY1NTkzMTY0MiwianRpIjoiYjQzZTk0YWEzMmYyNDk0NmEzY2ZkY2YwZTJhOTU2ZDMiLCJ1c2VyX2lkIjozfQ.6D7SYXlyWqZKsNeiNGeTXK3KdZ9FE-zo0zzZ_lO0dTI", "created_at": "2022-06-21T21:00:42.923Z", "expires_at": "2022-06-22T21:00:42Z"}}, {"model": "token_blacklist.outstandingtoken", "pk": 50, "fields": {"user": 3, "jti": "4bb478b77ee6434d9e026ed27db0e6d8", "token": "eyJ0eXAiOiJKV1QiLCJhbGciOiJIUzI1NiJ9.eyJ0b2tlbl90eXBlIjoicmVmcmVzaCIsImV4cCI6MTY1NTkzMTY1NCwianRpIjoiNGJiNDc4Yjc3ZWU2NDM0ZDllMDI2ZWQyN2RiMGU2ZDgiLCJ1c2VyX2lkIjozfQ.Z6YxEw5l-PqOSBO25UmJ3150Z-ZcMaLZqCU6ptXHPTo", "created_at": "2022-06-21T21:00:54.340Z", "expires_at": "2022-06-22T21:00:54Z"}}, {"model": "token_blacklist.outstandingtoken", "pk": 51, "fields": {"user": 9, "jti": "5b510246aad046e88e0590055edc1431", "token": "eyJ0eXAiOiJKV1QiLCJhbGciOiJIUzI1NiJ9.eyJ0b2tlbl90eXBlIjoicmVmcmVzaCIsImV4cCI6MTY1NTkzMTk2OCwianRpIjoiNWI1MTAyNDZhYWQwNDZlODhlMDU5MDA1NWVkYzE0MzEiLCJ1c2VyX2lkIjo5fQ.rHXIu36nVCa-Zwm9HyfWf9sWHVstQX-1uzgu4b6Ktyk", "created_at": "2022-06-21T21:06:08.642Z", "expires_at": "2022-06-22T21:06:08Z"}}, {"model": "token_blacklist.outstandingtoken", "pk": 52, "fields": {"user": 12, "jti": "28a9f1e664044b3e993328979f68004c", "token": "eyJ0eXAiOiJKV1QiLCJhbGciOiJIUzI1NiJ9.eyJ0b2tlbl90eXBlIjoicmVmcmVzaCIsImV4cCI6MTY1NTkzNzQ5MSwianRpIjoiMjhhOWYxZTY2NDA0NGIzZTk5MzMyODk3OWY2ODAwNGMiLCJ1c2VyX2lkIjoxMn0.JwBED_Aj4m97GytXsHYEOSw0TXPRSj7rCEhds8aZ-6U", "created_at": "2022-06-21T22:38:11.548Z", "expires_at": "2022-06-22T22:38:11Z"}}, {"model": "token_blacklist.outstandingtoken", "pk": 53, "fields": {"user": 3, "jti": "d6c440d0b3774b62a259bbbc3b565285", "token": "eyJ0eXAiOiJKV1QiLCJhbGciOiJIUzI1NiJ9.eyJ0b2tlbl90eXBlIjoicmVmcmVzaCIsImV4cCI6MTY1NTkzODI4NywianRpIjoiZDZjNDQwZDBiMzc3NGI2MmEyNTliYmJjM2I1NjUyODUiLCJ1c2VyX2lkIjozfQ.Xsc9IvqSY5EuJgSdqLHUXuLuo2kJ5GMbRtg1euvGbd0", "created_at": "2022-06-21T22:51:27.115Z", "expires_at": "2022-06-22T22:51:27Z"}}, {"model": "token_blacklist.outstandingtoken", "pk": 54, "fields": {"user": 3, "jti": "83f0116051404308a593bdb20aa1c553", "token": "eyJ0eXAiOiJKV1QiLCJhbGciOiJIUzI1NiJ9.eyJ0b2tlbl90eXBlIjoicmVmcmVzaCIsImV4cCI6MTY1NTkzODI4NywianRpIjoiODNmMDExNjA1MTQwNDMwOGE1OTNiZGIyMGFhMWM1NTMiLCJ1c2VyX2lkIjozfQ.FuaQmE4CEJwoWrBtzWPyPBbR4ilR2yovIwXXdBoJkVs", "created_at": "2022-06-21T22:51:27.333Z", "expires_at": "2022-06-22T22:51:27Z"}}, {"model": "token_blacklist.outstandingtoken", "pk": 55, "fields": {"user": 3, "jti": "c0980e554e8048c6bc44a65a1ab8d88d", "token": "eyJ0eXAiOiJKV1QiLCJhbGciOiJIUzI1NiJ9.eyJ0b2tlbl90eXBlIjoicmVmcmVzaCIsImV4cCI6MTY1NTkzODM2NSwianRpIjoiYzA5ODBlNTU0ZTgwNDhjNmJjNDRhNjVhMWFiOGQ4OGQiLCJ1c2VyX2lkIjozfQ.sPXiMO3sp3ImuCPZUewBk5Q7xIkoXOoXffWzWWRFOhY", "created_at": "2022-06-21T22:52:45.127Z", "expires_at": "2022-06-22T22:52:45Z"}}, {"model": "token_blacklist.outstandingtoken", "pk": 56, "fields": {"user": 3, "jti": "bfe4d04d4659491b82d842b22858e5d4", "token": "eyJ0eXAiOiJKV1QiLCJhbGciOiJIUzI1NiJ9.eyJ0b2tlbl90eXBlIjoicmVmcmVzaCIsImV4cCI6MTY1NTkzODM2NSwianRpIjoiYmZlNGQwNGQ0NjU5NDkxYjgyZDg0MmIyMjg1OGU1ZDQiLCJ1c2VyX2lkIjozfQ.pwo2ksQMKdajIAKFBr76OSRrR3bMT-q7PxzV6FoaS0E", "created_at": "2022-06-21T22:52:45.378Z", "expires_at": "2022-06-22T22:52:45Z"}}, {"model": "token_blacklist.outstandingtoken", "pk": 57, "fields": {"user": 13, "jti": "1f038ad0c64f4c41b75dad150cf77f2c", "token": "eyJ0eXAiOiJKV1QiLCJhbGciOiJIUzI1NiJ9.eyJ0b2tlbl90eXBlIjoicmVmcmVzaCIsImV4cCI6MTY1NTkzOTY4MywianRpIjoiMWYwMzhhZDBjNjRmNGM0MWI3NWRhZDE1MGNmNzdmMmMiLCJ1c2VyX2lkIjoxM30.tHOQtiA4go8kKscYKdbHh9zQY_1-sTxkDlcGILBFzH8", "created_at": "2022-06-21T23:14:43.147Z", "expires_at": "2022-06-22T23:14:43Z"}}, {"model": "token_blacklist.outstandingtoken", "pk": 58, "fields": {"user": 14, "jti": "ee0b341ad832446dadf58229695b18f8", "token": "eyJ0eXAiOiJKV1QiLCJhbGciOiJIUzI1NiJ9.eyJ0b2tlbl90eXBlIjoicmVmcmVzaCIsImV4cCI6MTY1NTk0MjAxMiwianRpIjoiZWUwYjM0MWFkODMyNDQ2ZGFkZjU4MjI5Njk1YjE4ZjgiLCJ1c2VyX2lkIjoxNH0.FUsfoO9eydd62Ew3dccA64vjTlzqBg2ZihQ0lOEnBj4", "created_at": "2022-06-21T23:53:32.842Z", "expires_at": "2022-06-22T23:53:32Z"}}, {"model": "token_blacklist.outstandingtoken", "pk": 59, "fields": {"user": 15, "jti": "131c6a20d3344466a9a6bb7e6984062c", "token": "eyJ0eXAiOiJKV1QiLCJhbGciOiJIUzI1NiJ9.eyJ0b2tlbl90eXBlIjoicmVmcmVzaCIsImV4cCI6MTY1NTk0MjMzMiwianRpIjoiMTMxYzZhMjBkMzM0NDQ2NmE5YTZiYjdlNjk4NDA2MmMiLCJ1c2VyX2lkIjoxNX0.L9Qei9lMRpicm36Suvk6x34emJr06qztrIvqXwTjNgs", "created_at": "2022-06-21T23:58:52.397Z", "expires_at": "2022-06-22T23:58:52Z"}}, {"model": "token_blacklist.outstandingtoken", "pk": 60, "fields": {"user": 3, "jti": "5977357dfda040cca145c6b4d3dfeeb1", "token": "eyJ0eXAiOiJKV1QiLCJhbGciOiJIUzI1NiJ9.eyJ0b2tlbl90eXBlIjoicmVmcmVzaCIsImV4cCI6MTY1NTk0MzM2NywianRpIjoiNTk3NzM1N2RmZGEwNDBjY2ExNDVjNmI0ZDNkZmVlYjEiLCJ1c2VyX2lkIjozfQ.KlNciIcij56tUJjVvc_0TC5qemSkHiswXgG1WYeX0-U", "created_at": "2022-06-22T00:16:07.739Z", "expires_at": "2022-06-23T00:16:07Z"}}, {"model": "token_blacklist.outstandingtoken", "pk": 61, "fields": {"user": 3, "jti": "42e2814c02214904bda1c39a6ce7e159", "token": "eyJ0eXAiOiJKV1QiLCJhbGciOiJIUzI1NiJ9.eyJ0b2tlbl90eXBlIjoicmVmcmVzaCIsImV4cCI6MTY1NTk0MzM2NywianRpIjoiNDJlMjgxNGMwMjIxNDkwNGJkYTFjMzlhNmNlN2UxNTkiLCJ1c2VyX2lkIjozfQ.2c-oPvO494BcAfD9zalIcacw5BLPBGAyTjF29f8v4_M", "created_at": "2022-06-22T00:16:07.948Z", "expires_at": "2022-06-23T00:16:07Z"}}, {"model": "token_blacklist.outstandingtoken", "pk": 62, "fields": {"user": 16, "jti": "77817bcbb60d408f995922109731ce44", "token": "eyJ0eXAiOiJKV1QiLCJhbGciOiJIUzI1NiJ9.eyJ0b2tlbl90eXBlIjoicmVmcmVzaCIsImV4cCI6MTY1NjA5MzMzNywianRpIjoiNzc4MTdiY2JiNjBkNDA4Zjk5NTkyMjEwOTczMWNlNDQiLCJ1c2VyX2lkIjoxNn0.DivSibFYCmbJUXdDebA3b3M2jWrY7OhbnnxUnANnOv4", "created_at": "2022-06-23T17:55:37.769Z", "expires_at": "2022-06-24T17:55:37Z"}}, {"model": "token_blacklist.outstandingtoken", "pk": 63, "fields": {"user": 3, "jti": "5f3c4edc49394a028a9a799632cb4a45", "token": "eyJ0eXAiOiJKV1QiLCJhbGciOiJIUzI1NiJ9.eyJ0b2tlbl90eXBlIjoicmVmcmVzaCIsImV4cCI6MTY1NjA5NDQ4NiwianRpIjoiNWYzYzRlZGM0OTM5NGEwMjhhOWE3OTk2MzJjYjRhNDUiLCJ1c2VyX2lkIjozfQ.DgoM-6mHY81mrL1uTN6tg9F5zYEWGHwxbtY_2Uu7obQ", "created_at": "2022-06-23T18:14:46.460Z", "expires_at": "2022-06-24T18:14:46Z"}}, {"model": "token_blacklist.outstandingtoken", "pk": 64, "fields": {"user": 3, "jti": "343d227ea21544f5bcd87922bbd0ac40", "token": "eyJ0eXAiOiJKV1QiLCJhbGciOiJIUzI1NiJ9.eyJ0b2tlbl90eXBlIjoicmVmcmVzaCIsImV4cCI6MTY1NjA5NDQ4NiwianRpIjoiMzQzZDIyN2VhMjE1NDRmNWJjZDg3OTIyYmJkMGFjNDAiLCJ1c2VyX2lkIjozfQ.gbWlGwkuCUwL9_qRZ2KQYu13RIbaayymdsJQme1RDP0", "created_at": "2022-06-23T18:14:46.716Z", "expires_at": "2022-06-24T18:14:46Z"}}, {"model": "token_blacklist.outstandingtoken", "pk": 65, "fields": {"user": 3, "jti": "db43fc691dc44fd793aba41949535e85", "token": "eyJ0eXAiOiJKV1QiLCJhbGciOiJIUzI1NiJ9.eyJ0b2tlbl90eXBlIjoicmVmcmVzaCIsImV4cCI6MTY1NjA5NDg4OCwianRpIjoiZGI0M2ZjNjkxZGM0NGZkNzkzYWJhNDE5NDk1MzVlODUiLCJ1c2VyX2lkIjozfQ.lmpGqruLKbc8Aee-qHsXPio78Ooee0gWIJnnhpZkA6c", "created_at": "2022-06-23T18:21:28.643Z", "expires_at": "2022-06-24T18:21:28Z"}}, {"model": "token_blacklist.outstandingtoken", "pk": 66, "fields": {"user": 3, "jti": "097cf16700a04317bce3abb0a8db3a90", "token": "eyJ0eXAiOiJKV1QiLCJhbGciOiJIUzI1NiJ9.eyJ0b2tlbl90eXBlIjoicmVmcmVzaCIsImV4cCI6MTY1NjA5NDg4OSwianRpIjoiMDk3Y2YxNjcwMGEwNDMxN2JjZTNhYmIwYThkYjNhOTAiLCJ1c2VyX2lkIjozfQ.vdnA0dDZlnXAJlc7nIDXb-0A2lurIEtVv3HGxYqIJ3U", "created_at": "2022-06-23T18:21:29.014Z", "expires_at": "2022-06-24T18:21:29Z"}}, {"model": "token_blacklist.outstandingtoken", "pk": 67, "fields": {"user": 3, "jti": "286091bc22c8464393efa1389c018eae", "token": "eyJ0eXAiOiJKV1QiLCJhbGciOiJIUzI1NiJ9.eyJ0b2tlbl90eXBlIjoicmVmcmVzaCIsImV4cCI6MTY1NjA5NTE3NCwianRpIjoiMjg2MDkxYmMyMmM4NDY0MzkzZWZhMTM4OWMwMThlYWUiLCJ1c2VyX2lkIjozfQ.OyhW_xvMgV_EI1IaOKV6CsGRJZo9dDSj0eUVMTfKvKY", "created_at": "2022-06-23T18:26:14.465Z", "expires_at": "2022-06-24T18:26:14Z"}}, {"model": "token_blacklist.outstandingtoken", "pk": 68, "fields": {"user": 3, "jti": "5d302beeca86492496dd701857a339fa", "token": "eyJ0eXAiOiJKV1QiLCJhbGciOiJIUzI1NiJ9.eyJ0b2tlbl90eXBlIjoicmVmcmVzaCIsImV4cCI6MTY1NjA5NTE4OSwianRpIjoiNWQzMDJiZWVjYTg2NDkyNDk2ZGQ3MDE4NTdhMzM5ZmEiLCJ1c2VyX2lkIjozfQ.5LA3xL6O-8Sqa5YCfLVrp0d1OTx4pMv1VDP7Z8pJxp8", "created_at": "2022-06-23T18:26:29.790Z", "expires_at": "2022-06-24T18:26:29Z"}}, {"model": "token_blacklist.outstandingtoken", "pk": 69, "fields": {"user": 4, "jti": "eedb3bf163bd4120a4e9a70c3e5cfa02", "token": "eyJ0eXAiOiJKV1QiLCJhbGciOiJIUzI1NiJ9.eyJ0b2tlbl90eXBlIjoicmVmcmVzaCIsImV4cCI6MTY1NjA5NzAyMywianRpIjoiZWVkYjNiZjE2M2JkNDEyMGE0ZTlhNzBjM2U1Y2ZhMDIiLCJ1c2VyX2lkIjo0fQ.wnNPsL3LTXQEfgGrS9QyCWO-X4587w4q2GgD5YbMALA", "created_at": "2022-06-23T18:57:03.462Z", "expires_at": "2022-06-24T18:57:03Z"}}, {"model": "token_blacklist.outstandingtoken", "pk": 70, "fields": {"user": 9, "jti": "15ca156253984be29314ba1666e1f683", "token": "eyJ0eXAiOiJKV1QiLCJhbGciOiJIUzI1NiJ9.eyJ0b2tlbl90eXBlIjoicmVmcmVzaCIsImV4cCI6MTY1NjA5ODA0NiwianRpIjoiMTVjYTE1NjI1Mzk4NGJlMjkzMTRiYTE2NjZlMWY2ODMiLCJ1c2VyX2lkIjo5fQ.LifOwMjaNOSsr5k1sxfLSZLo8cwvn2UjmfbJQ3dYaQk", "created_at": "2022-06-23T19:14:06.506Z", "expires_at": "2022-06-24T19:14:06Z"}}, {"model": "token_blacklist.outstandingtoken", "pk": 71, "fields": {"user": 1, "jti": "b4464ad60a554d3fbca1db35bbb7354e", "token": "eyJ0eXAiOiJKV1QiLCJhbGciOiJIUzI1NiJ9.eyJ0b2tlbl90eXBlIjoicmVmcmVzaCIsImV4cCI6MTY1NjA5ODMzMiwianRpIjoiYjQ0NjRhZDYwYTU1NGQzZmJjYTFkYjM1YmJiNzM1NGUiLCJ1c2VyX2lkIjoxfQ.8p2wIYD-eGKa-G8UJb6vVK8nYt01PlfnPSIzCeALnOw", "created_at": "2022-06-23T19:18:52.373Z", "expires_at": "2022-06-24T19:18:52Z"}}, {"model": "users.newuser", "pk": 1, "fields": {"password": "pbkdf2_sha256$260000$8mbu2LEdy9l1aCGEDduMA1$sSyuxGvt9LfmifUUxhP0WTP1K+3pvGqbZP/wJMGSTlk=", "last_login": "2022-06-21T19:43:36.389Z", "is_superuser": true, "email": "a@a.com", "user_name": "alex", "name": "a", "start_date": "2021-08-04T13:25:14.352Z", "is_staff": true, "is_active": true, "created_at": "2021-08-04T13:25:14.558Z", "phone_number": "0714175133", "groups": [], "user_permissions": []}}, {"model": "users.newuser", "pk": 2, "fields": {"password": "pbkdf2_sha256$260000$04a3rRcz4Pvac0JdcwADap$voyx4JaJUu7tWlw4241DAvGGTtFx7RXP8ilMaEsRun4=", "last_login": null, "is_superuser": false, "email": "mniizde@gmail.com", "user_name": "mniiz", "name": "mniiz", "start_date": "2021-08-04T13:37:12.648Z", "is_staff": false, "is_active": false, "created_at": "2021-08-04T13:37:12.841Z", "phone_number": "072472820", "groups": [], "user_permissions": []}}, {"model": "users.newuser", "pk": 3, "fields": {"password": "pbkdf2_sha256$260000$y0awg5VFWua4De42AigwcT$ZtQZ6t5sp+UrLYwEBv9NpPjBW2HfSfWOZTRftEPHPtM=", "last_login": null, "is_superuser": false, "email": "mutugi@gmail.com", "user_name": "mutugide", "name": "mutugi", "start_date": "2021-08-19T18:37:18.942Z", "is_staff": false, "is_active": true, "created_at": "2021-08-19T18:37:19.138Z", "phone_number": "0714165133", "groups": [], "user_permissions": []}}, {"model": "users.newuser", "pk": 4, "fields": {"password": "pbkdf2_sha256$260000$n5Fvf8rknvUBSsYnXROoJb$l+3oVV5VdyfbqQyIaqIj8faZoRrnKwmzMdohfuDsQ/8=", "last_login": null, "is_superuser": false, "email": "valentine@gmail.com", "user_name": "vale", "name": "valentine", "start_date": "2021-08-19T19:40:05.524Z", "is_staff": false, "is_active": true, "created_at": "2021-08-19T19:40:05.709Z", "phone_number": "0701323272", "groups": [], "user_permissions": []}}, {"model": "users.newuser", "pk": 5, "fields": {"password": "pbkdf2_sha256$260000$xbppyLzBWU0geAmyqCIu7L$ELHEVOmlM+Xwg++MXqXT6SnHtxREOmtzDvJbJebtpWE=", "last_login": null, "is_superuser": false, "email": "g@g.com", "user_name": "ggmu", "name": "gg", "start_date": "2021-08-19T20:40:20.108Z", "is_staff": false, "is_active": false, "created_at": "2021-08-19T20:40:20.286Z", "phone_number": "0876554567", "groups": [], "user_permissions": []}}, {"model": "users.newuser", "pk": 6, "fields": {"password": "pbkdf2_sha256$260000$mGonOPKiZS1rLAaWcVkAOy$UXkgqb6D8kpEATIMa6ICeNnnrhv8DkL8aHDB/eJxzbc=", "last_login": null, "is_superuser": false, "email": "sd@gmail.com", "user_name": "gggbb", "name": "cv", "start_date": "2021-12-05T23:16:00.148Z", "is_staff": false, "is_active": true, "created_at": "2021-12-05T23:16:00.342Z", "phone_number": "07125489", "groups": [], "user_permissions": []}}, {"model": "users.newuser", "pk": 7, "fields": {"password": "pbkdf2_sha256$260000$AMU4C1WaovhR9GV2ZDvvE1$RI8ayKjV58z051SNzK/1YqkPjoPWvBR5IAC6MaKEAQk=", "last_login": null, "is_superuser": false, "email": "fredfred@gmail.com", "user_name": "mutwiri", "name": "Fred", "start_date": "2022-06-21T20:41:52.947Z", "is_staff": false, "is_active": true, "created_at": "2022-06-21T20:41:53.150Z", "phone_number": "0723257357", "groups": [], "user_permissions": []}}, {"model": "users.newuser", "pk": 8, "fields": {"password": "pbkdf2_sha256$260000$lkPAWOP7RBn2wLKecQ3lla$YvT0bpobXkiDLCfdAbv52mjAcHhe4pDNTIsTvOC6T18=", "last_login": null, "is_superuser": false, "email": "fredfrank@gmail.com", "user_name": "FredFrank", "name": "Fred", "start_date": "2022-06-21T20:57:02.404Z", "is_staff": false, "is_active": true, "created_at": "2022-06-21T20:57:02.633Z", "phone_number": "0723257359", "groups": [], "user_permissions": []}}, {"model": "users.newuser", "pk": 9, "fields": {"password": "pbkdf2_sha256$260000$UbWnZlFYRuyVWBD0q7c7zG$8eKZuyUhZqGiAc1W2fa90Wn/SGGlsEOrFy22PVYcGIs=", "last_login": null, "is_superuser": false, "email": "fisi@gmail.com", "user_name": "fisi", "name": "hyena", "start_date": "2022-06-21T21:02:13.113Z", "is_staff": false, "is_active": true, "created_at": "2022-06-21T21:02:13.326Z", "phone_number": "0714175139", "groups": [], "user_permissions": []}}, {"model": "users.newuser", "pk": 10, "fields": {"password": "pbkdf2_sha256$260000$rrY1zWFNYEoSfmw9SoUkPb$3ImmFqyGD5GKK7kwaZ2MdE2FztvV0qXkWH0I6owVLPY=", "last_login": null, "is_superuser": false, "email": "fredfreed@gmail.com", "user_name": "FredFranki", "name": "FredFranki", "start_date": "2022-06-21T21:08:53.217Z", "is_staff": false, "is_active": true, "created_at": "2022-06-21T21:08:53.433Z", "phone_number": "0723257352", "groups": [], "user_permissions": []}}, {"model": "users.newuser", "pk": 11, "fields": {"password": "pbkdf2_sha256$260000$PTPOl7oOi194k9Jln4iXFK$PjJ9XwOXNEYgdWYLEsBv9VXi07+XKTZj59T0RVuxR2w=", "last_login": null, "is_superuser": false, "email": "mutuarodgers4@gmail.com", "user_name": "FredFrankly", "name": "Mutwi", "start_date": "2022-06-21T21:46:01.232Z", "is_staff": false, "is_active": true, "created_at": "2022-06-21T21:46:01.454Z", "phone_number": "0733257352", "groups": [], "user_permissions": []}}, {"model": "users.newuser", "pk": 12, "fields": {"password": "pbkdf2_sha256$260000$22eTi7ISeMw9s4e53qqooi$WALegs5ZSBwJX83ilEARs1n8r6ML3/J8F/owK1GwUos=", "last_login": null, "is_superuser": false, "email": "sophiggewairimu@gmail.com", "user_name": "fillerde", "name": "Filler", "start_date": "2022-06-21T22:38:11.073Z", "is_staff": false, "is_active": true, "created_at": "2022-06-21T22:38:11.275Z", "phone_number": "07236257352", "groups": [], "user_permissions": []}}, {"model": "users.newuser", "pk": 13, "fields": {"password": "pbkdf2_sha256$260000$1nlcxU73Q9HmZQvVZiKeUI$doE+3bFg8OTcKy0B6/ioqsP8S7DUtC/9zopq3/btg8Y=", "last_login": null, "is_superuser": false, "email": "delphinemasitsaobote@gmail.com", "user_name": "FrankliMutwiri", "name": "FrankliMutwiri", "start_date": "2022-06-21T23:14:42.704Z", "is_staff": false, "is_active": true, "created_at": "2022-06-21T23:14:42.926Z", "phone_number": "0723251352", "groups": [], "user_permissions": []}}, {"model": "users.newuser", "pk": 14, "fields": {"password": "pbkdf2_sha256$260000$JW4c4CNjC776fklTXT2Nkf$96EraYv/I6ZF+Bh1vfCYbCqdGpmR6uwCi4GNVOP+MBI=", "last_login": null, "is_superuser": false, "email": "sophissgewsairsimu@gmail.com", "user_name": "aaaaaagmail", "name": "aaaaaagmail", "start_date": "2022-06-21T23:53:32.423Z", "is_staff": false, "is_active": true, "created_at": "2022-06-21T23:53:32.618Z", "phone_number": "0723987352", "groups": [], "user_permissions": []}}, {"model": "users.newuser", "pk": 15, "fields": {"password": "pbkdf2_sha256$260000$xqaJkcEgCjoCYihShlVqeX$yOJfFjLri2VGKmZnxc02TDn0uQ9dIV2Eo4M3dnRlpQA=", "last_login": null, "is_superuser": false, "email": "ffffddd@fff.kj", "user_name": "fdsd", "name": "ffffff", "start_date": "2022-06-21T23:58:52.019Z", "is_staff": false, "is_active": true, "created_at": "2022-06-21T23:58:52.208Z", "phone_number": "6723257352", "groups": [], "user_permissions": []}}, {"model": "users.newuser", "pk": 16, "fields": {"password": "pbkdf2_sha256$260000$Nb9rwrj3WH874FP4bQssmz$4TpJPsKxNj/6UKbyfvew0JHfEcXxUu5ch3HeNKosXP0=", "last_login": null, "is_superuser": false, "email": "Filler@gmail.com", "user_name": "foller", "name": "Filler", "start_date": "2022-06-23T17:55:37.301Z", "is_staff": false, "is_active": true, "created_at": "2022-06-23T17:55:37.512Z", "phone_number": "070777777777", "groups": [], "user_permissions": []}}, {"model": "users.newuser", "pk": 17, "fields": {"password": "pbkdf2_sha256$260000$s5uhK4r6npycKUfbLD9pIa$cnQKSpFRUvhmORw11GvOre/eDvl8q5sUAyvgbWVRasM=", "last_login": null, "is_superuser": false, "email": "fffyd@fff.kj", "user_name": "ft", "name": "fffffffffff", "start_date": "2022-06-23T18:28:57.562Z", "is_staff": false, "is_active": true, "created_at": "2022-06-23T18:28:57.794Z", "phone_number": "07232573524", "groups": [], "user_permissions": []}}, {"model": "users.newuser", "pk": 18, "fields": {"password": "pbkdf2_sha256$260000$vYtKA8X5itO93cEWNm1r2T$/XHb3ZQAfUX2Jl/3GtU8QG+dDQod6hZMSJcllHiiQ54=", "last_login": null, "is_superuser": false, "email": "ghhh@dd.jj", "user_name": "jyyy", "name": "jjj", "start_date": "2022-06-23T18:39:50.911Z", "is_staff": false, "is_active": true, "created_at": "2022-06-23T18:39:51.116Z", "phone_number": "0725555352", "groups": [], "user_permissions": []}}, {"model": "users.newuser", "pk": 19, "fields": {"password": "pbkdf2_sha256$260000$sKLPeYhEPddqrClqPqoVxv$+1g2nWc1ZWrNaFq0fjooGQGk1L29ueBP0uWvPo4poTA=", "last_login": null, "is_superuser": false, "email": "fisiii@gmail.com", "user_name": "fisi", "name": "hyena", "start_date": "2022-06-23T18:59:23.736Z", "is_staff": false, "is_active": true, "created_at": "2022-06-23T18:59:23.928Z", "phone_number": "0714717139", "groups": [], "user_permissions": []}}, {"model": "store.room", "pk": 2, "fields": {"name": "Bedroom"}}, {"model": "store.room", "pk": 3, "fields": {"name": "Living_Room"}}, {"model": "store.room", "pk": 4, "fields": {"name": "Corridor"}}, {"model": "store.dealer", "pk": 1, "fields": {"store_dealer": 2, "is_dealer": true, "shop_name": "mniiz_shop", "location": "Ngara", "city": "NAIROBI", "email": null, "phone_number": "0714175133", "notes": null}}, {"model": "store.category", "pk": 1, "fields": {"name": "Furniture", "description": "Includes Chairs,  Sofas,  Dining tables, Bar Cabinet,  TV Stand, Shoe Rack,  Study tables, among many others", "image": "IMG-20210728-WA0079.jpg", "rating": 4}}, {"model": "store.category", "pk": 2, "fields": {"name": "Wallart", "description": "Wall art includes Wallpapers, Wall Murals, Wall Panels, Stickers, Contact papers, Wall hangings and Paint.", "image": "IMG-20210728-WA0156.jpg", "rating": 4}}, {"model": "store.category", "pk": 3, "fields": {"name": "Bedroom", "description": "", "image": "", "rating": null}}, {"model": "store.category", "pk": 4, "fields": {"name": "Dining", "description": "", "image": "", "rating": null}}, {"model": "store.category", "pk": 5, "fields": {"name": "Living Room", "description": "", "image": "", "rating": null}}, {"model": "store.category", "pk": 6, "fields": {"name": "Corridor", "description": "", "image": "", "rating": null}}, {"model": "store.category", "pk": 7, "fields": {"name": "Lighting", "description": "", "image": "", "rating": null}}, {"model": "store.category", "pk": 8, "fields": {"name": "Curtains", "description": "", "image": "", "rating": null}}, {"model": "store.subcategory", "pk": 1, "fields": {"category": 2, "name": "Wallpapers", "description": "All colors available", "image": "IMG-20210728-WA0136.jpg", "rating": 4}}, {"model": "store.subcategory", "pk": 2, "fields": {"category": 2, "name": "WallPanels", "description": "", "image": "IMG-20210728-WA0139.jpg", "rating": 4}}, {"model": "store.subcategory", "pk": 3, "fields": {"category": 2, "name": "Contact papers", "description": "", "image": "IMG-20210728-WA0143.jpg", "rating": 4}}, {"model": "store.subcategory", "pk": 4, "fields": {"category": 1, "name": "Sofa", "description": "", "image": "", "rating": 4}}, {"model": "store.subcategory", "pk": 5, "fields": {"category": 1, "name": "Cabinet", "description": "", "image": "", "rating": null}}, {"model": "store.subcategory", "pk": 6, "fields": {"category": 1, "name": "Bed", "description": "", "image": "", "rating": null}}, {"model": "store.caroselitems", "pk": 1, "fields": {"image": "IMG-20210728-WA0153.jpg", "name": "Blue chair", "description": "Best selling chair. Get it for your home."}}, {"model": "store.caroselitems", "pk": 2, "fields": {"image": "IMG-20210728-WA0077_vm5XtBR.jpg", "name": "Grey wallpaper", "description": "Chilled grey wallpaper"}}, {"model": "store.caroselitems", "pk": 3, "fields": {"image": "office2.jpg", "name": "Blue wallpaper", "description": ""}}, {"model": "store.caroselitems", "pk": 4, "fields": {"image": "IMG-20210728-WA0106_NsLmopp.jpg", "name": "plain wallpaper", "description": ""}}, {"model": "store.caroselitems", "pk": 5, "fields": {"image": "Screenshot_from_2021-07-28_20-49-19.png", "name": "Plain white wallpaper", "description": ""}}, {"model": "store.caroselitems", "pk": 6, "fields": {"image": "IMG-20210728-WA0018.jpg", "name": "black wallpaper", "description": ""}}, {"model": "store.product", "pk": 2, "fields": {"dealer": 1, "subcategory": 6, "category": 1, "name": "red   bed", "description": "A very comfortable blue sofa set. With high end quality fiber and material.", "price": "20000.00", "image": "IMG-20210728-WA0135.jpg", "date_added": "2021-08-04T18:06:17.035Z", "countInStock": 30, "rating": "4.0", "numReviews": 1, "color": null, "size": null, "room": [2]}}, {"model": "store.product", "pk": 3, "fields": {"dealer": 1, "subcategory": 5, "category": 1, "name": "Tv stand", "description": "classy sassy", "price": "22000.00", "image": "IMG-20210728-WA0132.jpg", "date_added": "2021-08-05T09:09:11.511Z", "countInStock": 34, "rating": "4.0", "numReviews": 3, "color": null, "size": null, "room": [3]}}, {"model": "store.product", "pk": 4, "fields": {"dealer": 1, "subcategory": 6, "category": 1, "name": "Mahogany bed", "description": "6 by 6 bed. Mahogany", "price": "1200.00", "image": "IMG-20210728-WA0059.jpg", "date_added": "2021-08-05T09:31:36.340Z", "countInStock": 26, "rating": "4.0", "numReviews": 34, "color": "Customizable", "size": null, "room": [2]}}, {"model": "store.product", "pk": 5, "fields": {"dealer": 1, "subcategory": 3, "category": 2, "name": "Grey Contact paper", "description": "Long lasting", "price": "2000.00", "image": "IMG-20210728-WA0142.jpg", "date_added": "2021-08-05T09:43:19.258Z", "countInStock": 74, "rating": "1.0", "numReviews": 1, "color": "Grey", "size": 7, "room": []}}, {"model": "store.product", "pk": 6, "fields": {"dealer": 1, "subcategory": 5, "category": 1, "name": "Cabinet", "description": "Cabinet for personal bellongings", "price": "1800.00", "image": "IMG-20210728-WA0022.jpg", "date_added": "2021-08-05T09:48:10.667Z", "countInStock": 71, "rating": "3.5", "numReviews": 2, "color": "Brown", "size": null, "room": []}}, {"model": "store.product", "pk": 7, "fields": {"dealer": 1, "subcategory": 1, "category": 2, "name": "Grey wallpaper", "description": "grey wallpaper", "price": "12000.00", "image": "IMG-20210728-WA0153_QkHCTh8.jpg", "date_added": "2021-08-05T21:16:39.973Z", "countInStock": 68, "rating": "4.3", "numReviews": 3, "color": "Grey", "size": 5, "room": []}}, {"model": "store.product", "pk": 8, "fields": {"dealer": 1, "subcategory": 4, "category": 1, "name": "Blue Sofa", "description": "Comfortable blue sofa", "price": "12197.00", "image": "Screenshot_from_2021-07-28_20-46-34.png", "date_added": "2021-08-14T18:01:56.018Z", "countInStock": 24, "rating": "2.0", "numReviews": 3, "color": "Blue", "size": null, "room": []}}, {"model": "store.review", "pk": 1, "fields": {"product": 3, "user": 1, "name": "a", "rating": 3, "comment": "very good", "created_at": "2021-08-11T16:39:33.136Z"}}, {"model": "store.review", "pk": 2, "fields": {"product": 7, "user": 1, "name": "a", "rating": 5, "comment": "very good", "created_at": "2021-08-11T16:39:33.136Z"}}, {"model": "store.review", "pk": 3, "fields": {"product": 6, "user": 2, "name": "mniiz", "rating": 3, "comment": "very good", "created_at": "2021-08-11T16:39:33.136Z"}}, {"model": "store.review", "pk": 4, "fields": {"product": 7, "user": 2, "name": "mniiz", "rating": 5, "comment": "very good", "created_at": "2021-08-11T16:39:33.136Z"}}, {"model": "store.review", "pk": 6, "fields": {"product": 3, "user": 2, "name": "mniiz", "rating": 5, "comment": "very good", "created_at": "2021-08-11T16:39:33.136Z"}}, {"model": "store.review", "pk": 9, "fields": {"product": 2, "user": 1, "name": "a", "rating": 4, "comment": "I love it, i recommend every one", "created_at": "2021-08-12T17:12:08.178Z"}}, {"model": "store.review", "pk": 10, "fields": {"product": 8, "user": 1, "name": "a", "rating": 2, "comment": "ppp", "created_at": "2021-08-20T13:39:50.447Z"}}, {"model": "store.review", "pk": 11, "fields": {"product": 6, "user": 3, "name": "mutugide", "rating": 4, "comment": "jjjjjjjj", "created_at": "2021-08-23T19:41:17.137Z"}}, {"model": "store.review", "pk": 12, "fields": {"product": 3, "user": 3, "name": "mutugide", "rating": 4, "comment": "jjjjjjjj", "created_at": "2021-08-23T19:41:30.376Z"}}, {"model": "store.review", "pk": 13, "fields": {"product": 8, "user": 4, "name": "valentine", "rating": 3, "comment": "kooo", "created_at": "2021-08-23T20:30:33.383Z"}}, {"model": "store.review", "pk": 14, "fields": {"product": 5, "user": 4, "name": "valentine", "rating": 1, "comment": "tears easily", "created_at": "2021-08-23T20:30:59.017Z"}}, {"model": "store.review", "pk": 15, "fields": {"product": 7, "user": 4, "name": "vale", "rating": 3, "comment": "66", "created_at": "2021-08-24T04:56:33.089Z"}}, {"model": "store.review", "pk": 16, "fields": {"product": 8, "user": 3, "name": "mutugide", "rating": 1, "comment": "uu", "created_at": "2022-05-16T02:32:18.922Z"}}, {"model": "store.order", "pk": 1, "fields": {"user": 1, "payment_method": "ondelivery", "tax_price": null, "shipping_price": "200.00", "total_price": "160200.00", "created_at": "2021-08-05T06:22:35.674Z", "isPaid": false, "paidAt": null, "deliveryOption": "", "isDelivered": false, "deliveredAt": null, "order_code": "85b807f0-30ce-40ea-9760-6362d8fcaf7f"}}, {"model": "store.order", "pk": 2, "fields": {"user": 1, "payment_method": "mpesa", "tax_price": null, "shipping_price": "200.00", "total_price": "20200.00", "created_at": "2021-08-05T09:42:33.482Z", "isPaid": false, "paidAt": null, "deliveryOption": "", "isDelivered": false, "deliveredAt": null, "order_code": "0a8c72b9-c313-4b4a-9685-1a5408d57aee"}}, {"model": "store.order", "pk": 3, "fields": {"user": 1, "payment_method": "mpesa", "tax_price": null, "shipping_price": "200.00", "total_price": "9200.00", "created_at": "2021-08-10T08:13:35.256Z", "isPaid": true, "paidAt": null, "deliveryOption": "delivery_to_home", "isDelivered": true, "deliveredAt": "2021-08-10T14:19:45.927Z", "order_code": "e5f08850-193e-4dfa-b499-23abf953bda5"}}, {"model": "store.order", "pk": 4, "fields": {"user": 2, "payment_method": "mpesa", "tax_price": null, "shipping_price": "200.00", "total_price": "2000.00", "created_at": "2021-08-10T19:50:58.891Z", "isPaid": true, "paidAt": "2021-08-10T19:54:23Z", "deliveryOption": "pick_up", "isDelivered": true, "deliveredAt": "2021-08-10T19:53:57Z", "order_code": "2b2d2989-f4ec-46a8-8ada-14d1d289822f"}}, {"model": "store.order", "pk": 5, "fields": {"user": 3, "payment_method": "mpesa", "tax_price": null, "shipping_price": "200.00", "total_price": "2610.00", "created_at": "2021-08-20T15:38:37.165Z", "isPaid": false, "paidAt": null, "deliveryOption": "", "isDelivered": false, "deliveredAt": null, "order_code": "1b32c66e-634e-4323-bf3a-57030ee6d3cd"}}, {"model": "store.order", "pk": 6, "fields": {"user": 3, "payment_method": "ondelivery", "tax_price": null, "shipping_price": "200.00", "total_price": "74600.00", "created_at": "2021-08-23T18:57:48.454Z", "isPaid": false, "paidAt": null, "deliveryOption": "", "isDelivered": false, "deliveredAt": null, "order_code": "e0b57725-616a-466f-89d4-7075fb9e2c22"}}, {"model": "store.order", "pk": 7, "fields": {"user": 3, "payment_method": "ondelivery", "tax_price": null, "shipping_price": "200.00", "total_price": "139400.00", "created_at": "2021-08-23T19:04:43.746Z", "isPaid": false, "paidAt": null, "deliveryOption": "", "isDelivered": false, "deliveredAt": null, "order_code": "d338da8b-9f05-4c5e-a440-cc9874922104"}}, {"model": "store.order", "pk": 8, "fields": {"user": 3, "payment_method": "mpesa", "tax_price": null, "shipping_price": "200.00", "total_price": "12399.96", "created_at": "2021-08-23T19:14:36.171Z", "isPaid": false, "paidAt": null, "deliveryOption": "", "isDelivered": false, "deliveredAt": null, "order_code": "4aeee4dc-e806-4e5d-9441-7786abe591c1"}}, {"model": "store.order", "pk": 9, "fields": {"user": 3, "payment_method": "mpesa", "tax_price": null, "shipping_price": "200.00", "total_price": "84988.00", "created_at": "2021-08-23T19:34:36.872Z", "isPaid": false, "paidAt": null, "deliveryOption": "", "isDelivered": false, "deliveredAt": null, "order_code": "5824e6b8-5c36-458a-a269-84f1a9e3aaba"}}, {"model": "store.order", "pk": 10, "fields": {"user": 3, "payment_method": "ondelevery", "tax_price": null, "shipping_price": "200.00", "total_price": "140988.00", "created_at": "2021-08-23T19:38:45.738Z", "isPaid": true, "paidAt": "2021-08-23T19:39:42Z", "deliveryOption": "pick_up", "isDelivered": true, "deliveredAt": "2021-08-23T19:39:57Z", "order_code": "428f828f-8456-4d7f-9a8c-413450d6f839"}}, {"model": "store.order", "pk": 11, "fields": {"user": 4, "payment_method": "ondelevery", "tax_price": null, "shipping_price": "200.00", "total_price": "25800.00", "created_at": "2021-08-23T20:28:52.479Z", "isPaid": true, "paidAt": "2021-08-23T20:29:21Z", "deliveryOption": "delivery_to_home", "isDelivered": true, "deliveredAt": "2021-08-23T20:29:24Z", "order_code": "580c14a3-0b68-4647-89fb-ed8b36421b15"}}, {"model": "store.order", "pk": 12, "fields": {"user": 4, "payment_method": "ondelivery", "tax_price": null, "shipping_price": "200.00", "total_price": "36791.00", "created_at": "2021-08-24T08:30:02.590Z", "isPaid": false, "paidAt": null, "deliveryOption": "", "isDelivered": false, "deliveredAt": null, "order_code": "b3da43e8-f20f-4325-a3c7-8b5fd1bd4f32"}}, {"model": "store.order", "pk": 13, "fields": {"user": 4, "payment_method": "ondelivery", "tax_price": null, "shipping_price": "200.00", "total_price": "25794.00", "created_at": "2021-08-24T22:05:20.989Z", "isPaid": false, "paidAt": null, "deliveryOption": "", "isDelivered": false, "deliveredAt": null, "order_code": "da4811d9-cc25-44ba-9956-650e419b6b31"}}, {"model": "store.order", "pk": 14, "fields": {"user": 4, "payment_method": "mpesa", "tax_price": null, "shipping_price": "200.00", "total_price": "24397.00", "created_at": "2021-08-24T07:31:53.213Z", "isPaid": false, "paidAt": null, "deliveryOption": "", "isDelivered": false, "deliveredAt": null, "order_code": "7e1a568a-d069-4ae2-bfb1-bc5e6bfa2a43"}}, {"model": "store.order", "pk": 15, "fields": {"user": 4, "payment_method": "mpesa", "tax_price": null, "shipping_price": "200.00", "total_price": "12200.00", "created_at": "2021-08-24T00:36:20.435Z", "isPaid": false, "paidAt": null, "deliveryOption": "", "isDelivered": false, "deliveredAt": null, "order_code": "17eb2a03-99db-4672-9011-26683e96259d"}}, {"model": "store.order", "pk": 16, "fields": {"user": 4, "payment_method": "mpesa", "tax_price": null, "shipping_price": "200.00", "total_price": "12200.00", "created_at": "2021-08-24T00:43:40.311Z", "isPaid": false, "paidAt": null, "deliveryOption": "", "isDelivered": false, "deliveredAt": null, "order_code": "650c4380-26cd-451c-a0df-c7a2a41f2b4f"}}, {"model": "store.order", "pk": 17, "fields": {"user": 4, "payment_method": "mpesa", "tax_price": null, "shipping_price": "200.00", "total_price": "12200.00", "created_at": "2021-08-24T00:45:31.696Z", "isPaid": false, "paidAt": null, "deliveryOption": "", "isDelivered": false, "deliveredAt": null, "order_code": "538d0ec7-2c36-465b-bddc-f0e591f0eb0d"}}, {"model": "store.order", "pk": 18, "fields": {"user": 4, "payment_method": "mpesa", "tax_price": null, "shipping_price": "200.00", "total_price": "16000.00", "created_at": "2021-08-24T01:00:57.115Z", "isPaid": false, "paidAt": null, "deliveryOption": "", "isDelivered": false, "deliveredAt": null, "order_code": "5d62e067-a2bb-408d-80dc-1c62ed5f7ffb"}}, {"model": "store.order", "pk": 19, "fields": {"user": 4, "payment_method": "mpesa", "tax_price": null, "shipping_price": "200.00", "total_price": "24000.00", "created_at": "2021-08-24T08:31:09.279Z", "isPaid": false, "paidAt": null, "deliveryOption": "", "isDelivered": false, "deliveredAt": null, "order_code": "fd45e689-c680-42e4-98ca-1189fcbfb222"}}, {"model": "store.order", "pk": 20, "fields": {"user": 4, "payment_method": "mpesa", "tax_price": null, "shipping_price": "200.00", "total_price": "24000.00", "created_at": "2021-08-24T08:31:09.646Z", "isPaid": false, "paidAt": null, "deliveryOption": "", "isDelivered": false, "deliveredAt": null, "order_code": "c5cfe7b6-5c67-40af-846d-48a97e9b06f2"}}, {"model": "store.order", "pk": 21, "fields": {"user": 4, "payment_method": "mpesa", "tax_price": null, "shipping_price": "200.00", "total_price": "12200.00", "created_at": "2021-08-24T09:10:35.787Z", "isPaid": false, "paidAt": null, "deliveryOption": "", "isDelivered": false, "deliveredAt": null, "order_code": "feb2712b-33d6-4b7c-bec2-5a37eb3d09db"}}, {"model": "store.order", "pk": 22, "fields": {"user": 4, "payment_method": "mpesa", "tax_price": null, "shipping_price": "200.00", "total_price": "34397.00", "created_at": "2021-08-24T09:21:54.587Z", "isPaid": false, "paidAt": null, "deliveryOption": "", "isDelivered": false, "deliveredAt": null, "order_code": "cbb6961f-cc2a-438d-90cc-7f25601e2a62"}}, {"model": "store.order", "pk": 23, "fields": {"user": 4, "payment_method": "mpesa", "tax_price": null, "shipping_price": "200.00", "total_price": "12200.00", "created_at": "2021-08-24T10:23:29.834Z", "isPaid": false, "paidAt": null, "deliveryOption": "", "isDelivered": false, "deliveredAt": null, "order_code": "0077255d-c778-4c68-b351-f5d4dc5f04a5"}}, {"model": "store.order", "pk": 24, "fields": {"user": 3, "payment_method": "mpesa", "tax_price": null, "shipping_price": "200.00", "total_price": "26197.00", "created_at": "2021-08-24T20:31:25.499Z", "isPaid": false, "paidAt": null, "deliveryOption": "", "isDelivered": false, "deliveredAt": null, "order_code": "4daea8ab-d152-4d6a-a70a-350deb7ee857"}}, {"model": "store.order", "pk": 25, "fields": {"user": 3, "payment_method": "ondelivery", "tax_price": null, "shipping_price": "200.00", "total_price": "2000.00", "created_at": "2021-08-25T12:43:31.620Z", "isPaid": false, "paidAt": null, "deliveryOption": "", "isDelivered": false, "deliveredAt": null, "order_code": "d093a74b-23fb-4d78-83f0-ce0a9d2fe274"}}, {"model": "store.order", "pk": 26, "fields": {"user": 3, "payment_method": "mpesa", "tax_price": null, "shipping_price": "200.00", "total_price": "24397.00", "created_at": "2021-08-25T18:20:21.484Z", "isPaid": false, "paidAt": null, "deliveryOption": "", "isDelivered": false, "deliveredAt": null, "order_code": "8ed97dfa-a34f-4858-85b5-adc607de4006"}}, {"model": "store.order", "pk": 27, "fields": {"user": 3, "payment_method": "mpesa", "tax_price": null, "shipping_price": "200.00", "total_price": "61800.00", "created_at": "2021-08-24T18:51:14.443Z", "isPaid": false, "paidAt": null, "deliveryOption": "", "isDelivered": false, "deliveredAt": null, "order_code": "5c3d31e0-8881-4447-90d7-707a4131dfcf"}}, {"model": "store.order", "pk": 28, "fields": {"user": 4, "payment_method": "mpesa", "tax_price": null, "shipping_price": "200.00", "total_price": "22200.00", "created_at": "2021-09-06T20:47:38.269Z", "isPaid": false, "paidAt": null, "deliveryOption": "", "isDelivered": false, "deliveredAt": null, "order_code": "1db335b1-d83c-4bcc-a55a-254d58b7bfb6"}}, {"model": "store.order", "pk": 29, "fields": {"user": 4, "payment_method": "mpesa", "tax_price": null, "shipping_price": "200.00", "total_price": "1400.00", "created_at": "2021-09-15T10:39:03.580Z", "isPaid": false, "paidAt": null, "deliveryOption": "", "isDelivered": false, "deliveredAt": null, "order_code": "1cc79e0a-0dc7-4960-88a4-e8c83c135f35"}}, {"model": "store.order", "pk": 30, "fields": {"user": 4, "payment_method": "mpesa", "tax_price": null, "shipping_price": "200.00", "total_price": "12200.00", "created_at": "2021-09-15T10:58:22.874Z", "isPaid": false, "paidAt": null, "deliveryOption": "", "isDelivered": false, "deliveredAt": null, "order_code": "fa25678e-e241-40aa-82e7-92f4147dbab7"}}, {"model": "store.order", "pk": 31, "fields": {"user": 4, "payment_method": "ondelivery", "tax_price": null, "shipping_price": "200.00", "total_price": "12200.00", "created_at": "2021-09-15T11:20:18.200Z", "isPaid": false, "paidAt": null, "deliveryOption": "", "isDelivered": false, "deliveredAt": null, "order_code": "7eec4dea-0e17-4710-ba0c-d64fb37b298a"}}, {"model": "store.order", "pk": 32, "fields": {"user": 3, "payment_method": "ondelivery", "tax_price": null, "shipping_price": "200.00", "total_price": "24200.00", "created_at": "2022-06-21T20:39:14.328Z", "isPaid": false, "paidAt": null, "deliveryOption": "", "isDelivered": false, "deliveredAt": null, "order_code": "8db49255-2564-43ba-8fc1-ce5a5050b7c5"}}, {"model": "store.order", "pk": 33, "fields": {"user": 3, "payment_method": "ondelivery", "tax_price": null, "shipping_price": "200.00", "total_price": "12397.00", "created_at": "2022-06-22T00:17:33.340Z", "isPaid": false, "paidAt": null, "deliveryOption": "", "isDelivered": false, "deliveredAt": null, "order_code": "015dab53-458d-42c0-a3bf-c707787a87ef"}}, {"model": "store.order", "pk": 34, "fields": {"user": 3, "payment_method": "ondelivery", "tax_price": null, "shipping_price": "200.00", "total_price": "2000.00", "created_at": "2022-06-23T17:53:30.929Z", "isPaid": false, "paidAt": null, "deliveryOption": "", "isDelivered": false, "deliveredAt": null, "order_code": "fec1713b-6dcf-4f73-883c-d7d0c96caa8d"}}, {"model": "store.order", "pk": 35, "fields": {"user": 3, "payment_method": "ondelivery", "tax_price": null, "shipping_price": "200.00", "total_price": "12200.00", "created_at": "2022-06-23T18:15:04.076Z", "isPaid": false, "paidAt": null, "deliveryOption": "", "isDelivered": false, "deliveredAt": null, "order_code": "9ce2c322-677d-4714-a4e7-0e5144fc3c3e"}}, {"model": "store.order", "pk": 36, "fields": {"user": 17, "payment_method": "ondelivery", "tax_price": null, "shipping_price": "200.00", "total_price": "1400.00", "created_at": "2022-06-23T18:31:05.975Z", "isPaid": false, "paidAt": null, "deliveryOption": "", "isDelivered": false, "deliveredAt": null, "order_code": "e407cfd5-1dab-433c-8344-0ce5ef2caed0"}}, {"model": "store.order", "pk": 37, "fields": {"user": 17, "payment_method": "ondelivery", "tax_price": null, "shipping_price": "200.00", "total_price": "1400.00", "created_at": "2022-06-23T18:32:13.625Z", "isPaid": false, "paidAt": null, "deliveryOption": "", "isDelivered": false, "deliveredAt": null, "order_code": "066c216b-e2fd-42d6-a6d5-b2ce1159f715"}}, {"model": "store.order", "pk": 38, "fields": {"user": 18, "payment_method": "ondelivery", "tax_price": null, "shipping_price": "200.00", "total_price": "12200.00", "created_at": "2022-06-23T18:40:06.533Z", "isPaid": false, "paidAt": null, "deliveryOption": "", "isDelivered": false, "deliveredAt": null, "order_code": "2f12c8af-9815-4f04-a849-246038bcee95"}}, {"model": "store.order", "pk": 39, "fields": {"user": 19, "payment_method": "ondelivery", "tax_price": null, "shipping_price": "200.00", "total_price": "12397.00", "created_at": "2022-06-23T18:59:41.140Z", "isPaid": false, "paidAt": null, "deliveryOption": "", "isDelivered": false, "deliveredAt": null, "order_code": "cd6c4bf9-4b28-4020-9d47-667207842a48"}}, {"model": "store.order", "pk": 40, "fields": {"user": 9, "payment_method": "ondelivery", "tax_price": null, "shipping_price": "200.00", "total_price": "12200.00", "created_at": "2022-06-23T19:14:47.175Z", "isPaid": false, "paidAt": null, "deliveryOption": "", "isDelivered": false, "deliveredAt": null, "order_code": "92c9e5e7-6485-4fba-a005-de4a05169c98"}}, {"model": "store.orderitem", "pk": 1, "fields": {"product": 2, "order": 1, "quantity": 8, "price": "20000.00", "name": "Blue Sofa", "image": "/images/Screenshot_from_2021-07-28_20-46-34_b2vcoPR.png", "order_code": "0e3e7a95-1bc6-4df3-92fd-e58fb4d7fd62"}}, {"model": "store.orderitem", "pk": 2, "fields": {"product": 2, "order": 2, "quantity": 1, "price": "20000.00", "name": "Blue Sofa", "image": "/images/Screenshot_from_2021-07-28_20-46-34_b2vcoPR.png", "order_code": "45549730-1efc-45c6-a502-d5159a0f14e8"}}, {"model": "store.orderitem", "pk": 3, "fields": {"product": 6, "order": 3, "quantity": 5, "price": "1800.00", "name": "Study desk", "image": "/media/images/null", "order_code": "92c09605-2b62-4214-9965-6b39f7eb66a2"}}, {"model": "store.orderitem", "pk": 4, "fields": {"product": 6, "order": 4, "quantity": 1, "price": "1800.00", "name": "Study desk", "image": "/media/images/null", "order_code": "d9e64aea-2c35-4b8e-a849-21da3cead437"}}, {"model": "store.orderitem", "pk": 5, "fields": {"product": 6, "order": 5, "quantity": 1, "price": "1800.00", "name": "Study desk", "image": "/media/IMG-20210728-WA0022.jpg", "order_code": "468924ff-b12f-4d3e-88c8-eb96c16e5921"}}, {"model": "store.orderitem", "pk": 6, "fields": {"product": 8, "order": 5, "quantity": 5, "price": "122.00", "name": "tt", "image": "/media/Screenshot_from_2021-07-28_20-46-34.png", "order_code": "9fd3ede8-6b36-44aa-82a2-50a48172b880"}}, {"model": "store.orderitem", "pk": 7, "fields": {"product": 7, "order": 6, "quantity": 5, "price": "12000.00", "name": "Grey wallpaper", "image": "/media/IMG-20210728-WA0153_QkHCTh8.jpg", "order_code": "b550b5ec-5752-4f26-b595-bc533e49fc59"}}, {"model": "store.orderitem", "pk": 8, "fields": {"product": 6, "order": 6, "quantity": 8, "price": "1800.00", "name": "Cabinet", "image": "/media/IMG-20210728-WA0022.jpg", "order_code": "56189176-5f2d-4dc1-a74a-c729f37036b9"}}, {"model": "store.orderitem", "pk": 9, "fields": {"product": 6, "order": 7, "quantity": 4, "price": "1800.00", "name": "Cabinet", "image": "/media/IMG-20210728-WA0022.jpg", "order_code": "dbf177e3-9862-4bc6-9e00-c5913ec5fbd1"}}, {"model": "store.orderitem", "pk": 10, "fields": {"product": 3, "order": 7, "quantity": 6, "price": "22000.00", "name": "Tv stand", "image": "/media/IMG-20210728-WA0132.jpg", "order_code": "6878507b-43ec-4459-a383-afcdc7bd4c2a"}}, {"model": "store.orderitem", "pk": 11, "fields": {"product": 8, "order": 8, "quantity": 1, "price": "12199.96", "name": "Blue Sofa", "image": "/media/Screenshot_from_2021-07-28_20-46-34.png", "order_code": "b5993dbb-ea3c-4e90-9e58-ca1ae4e839ff"}}, {"model": "store.orderitem", "pk": 12, "fields": {"product": 7, "order": 9, "quantity": 3, "price": "12000.00", "name": "Grey wallpaper", "image": "/media/IMG-20210728-WA0153_QkHCTh8.jpg", "order_code": "dac8605e-64fe-486d-9e3b-95ff5d7d88fb"}}, {"model": "store.orderitem", "pk": 13, "fields": {"product": 8, "order": 9, "quantity": 4, "price": "12197.00", "name": "Blue Sofa", "image": "/media/Screenshot_from_2021-07-28_20-46-34.png", "order_code": "c6c0b487-619f-43ab-ad0c-53100fea95b7"}}, {"model": "store.orderitem", "pk": 14, "fields": {"product": 5, "order": 10, "quantity": 4, "price": "2000.00", "name": "Grey Contact paper", "image": "/media/IMG-20210728-WA0142.jpg", "order_code": "7d1adbde-3fa2-4e7c-82a2-5ffa2aecbebf"}}, {"model": "store.orderitem", "pk": 15, "fields": {"product": 8, "order": 10, "quantity": 4, "price": "12197.00", "name": "Blue Sofa", "image": "/media/Screenshot_from_2021-07-28_20-46-34.png", "order_code": "a5ddc394-6841-4f02-881f-0070724280c0"}}, {"model": "store.orderitem", "pk": 16, "fields": {"product": 7, "order": 10, "quantity": 7, "price": "12000.00", "name": "Grey wallpaper", "image": "/media/IMG-20210728-WA0153_QkHCTh8.jpg", "order_code": "1845c0c8-db3c-43cd-85ed-53091a65824b"}}, {"model": "store.orderitem", "pk": 17, "fields": {"product": 6, "order": 11, "quantity": 2, "price": "1800.00", "name": "Cabinet", "image": "/media/IMG-20210728-WA0022.jpg", "order_code": "875dec96-6b95-4d9e-9eb5-cf6e60a9f87f"}}, {"model": "store.orderitem", "pk": 18, "fields": {"product": 3, "order": 11, "quantity": 1, "price": "22000.00", "name": "Tv stand", "image": "/media/IMG-20210728-WA0132.jpg", "order_code": "7e52ca10-2b2e-46df-8e6f-3b5c37caf1ce"}}, {"model": "store.orderitem", "pk": 19, "fields": {"product": 8, "order": 12, "quantity": 3, "price": "12197.00", "name": "Blue Sofa", "image": "/media/Screenshot_from_2021-07-28_20-46-34.png", "order_code": "15eaab49-ae5b-43ac-9126-8eb856aec3c6"}}, {"model": "store.orderitem", "pk": 20, "fields": {"product": 8, "order": 13, "quantity": 2, "price": "12197.00", "name": "Blue Sofa", "image": "/media/Screenshot_from_2021-07-28_20-46-34.png", "order_code": "692008e1-dec4-4e3c-a580-7d709067811d"}}, {"model": "store.orderitem", "pk": 21, "fields": {"product": 4, "order": 13, "quantity": 1, "price": "1200.00", "name": "Mahogany bed", "image": "/media/IMG-20210728-WA0059.jpg", "order_code": "161d289a-f991-4d53-8b51-58d4e7910aa8"}}, {"model": "store.orderitem", "pk": 22, "fields": {"product": 7, "order": 14, "quantity": 1, "price": "12000.00", "name": "Grey wallpaper", "image": "/media/IMG-20210728-WA0153_QkHCTh8.jpg", "order_code": "187dd944-fb1f-4291-b7b0-8f9d81590b98"}}, {"model": "store.orderitem", "pk": 23, "fields": {"product": 8, "order": 14, "quantity": 1, "price": "12197.00", "name": "Blue Sofa", "image": "/media/Screenshot_from_2021-07-28_20-46-34.png", "order_code": "5406d7e1-3242-47e2-8d0a-29a7f5f197f9"}}, {"model": "store.orderitem", "pk": 24, "fields": {"product": 7, "order": 15, "quantity": 1, "price": "12000.00", "name": "Grey wallpaper", "image": "/media/IMG-20210728-WA0153_QkHCTh8.jpg", "order_code": "9f11dcf6-a75d-4aea-965a-fc0d94dc4e3d"}}, {"model": "store.orderitem", "pk": 25, "fields": {"product": 7, "order": 16, "quantity": 1, "price": "12000.00", "name": "Grey wallpaper", "image": "/media/IMG-20210728-WA0153_QkHCTh8.jpg", "order_code": "e20bd661-599d-40a8-8d05-5f61fdd6a5ad"}}, {"model": "store.orderitem", "pk": 26, "fields": {"product": 7, "order": 17, "quantity": 1, "price": "12000.00", "name": "Grey wallpaper", "image": "/media/IMG-20210728-WA0153_QkHCTh8.jpg", "order_code": "a3f23f27-0916-4b3d-b51e-8de37e823fac"}}, {"model": "store.orderitem", "pk": 27, "fields": {"product": 7, "order": 18, "quantity": 1, "price": "12000.00", "name": "Grey wallpaper", "image": "/media/IMG-20210728-WA0153_QkHCTh8.jpg", "order_code": "1aa24307-106e-4584-afc5-a03b57d0fa2f"}}, {"model": "store.orderitem", "pk": 28, "fields": {"product": 6, "order": 18, "quantity": 1, "price": "1800.00", "name": "Cabinet", "image": "/media/IMG-20210728-WA0022.jpg", "order_code": "131ad77a-5aca-4503-b8ed-ab2764b96a5d"}}, {"model": "store.orderitem", "pk": 29, "fields": {"product": 5, "order": 18, "quantity": 1, "price": "2000.00", "name": "Grey Contact paper", "image": "/media/IMG-20210728-WA0142.jpg", "order_code": "d705cb3d-da8e-4ff4-8054-812595d172a6"}}, {"model": "store.orderitem", "pk": 30, "fields": {"product": 6, "order": 19, "quantity": 1, "price": "1800.00", "name": "Cabinet", "image": "/media/IMG-20210728-WA0022.jpg", "order_code": "5fd8e0bc-fb00-4255-bbd4-412f857cca9e"}}, {"model": "store.orderitem", "pk": 31, "fields": {"product": 6, "order": 20, "quantity": 1, "price": "1800.00", "name": "Cabinet", "image": "/media/IMG-20210728-WA0022.jpg", "order_code": "6e22cb65-80c8-4128-8de3-f60a57b50599"}}, {"model": "store.orderitem", "pk": 32, "fields": {"product": 3, "order": 20, "quantity": 1, "price": "22000.00", "name": "Tv stand", "image": "/media/IMG-20210728-WA0132.jpg", "order_code": "5c01f7eb-ccea-4ecc-b7d3-8f68a821962e"}}, {"model": "store.orderitem", "pk": 33, "fields": {"product": 3, "order": 19, "quantity": 1, "price": "22000.00", "name": "Tv stand", "image": "/media/IMG-20210728-WA0132.jpg", "order_code": "960d8acd-005f-4aad-a759-c5040238d60a"}}, {"model": "store.orderitem", "pk": 34, "fields": {"product": 7, "order": 21, "quantity": 1, "price": "12000.00", "name": "Grey wallpaper", "image": "/media/IMG-20210728-WA0153_QkHCTh8.jpg", "order_code": "ac550fa0-52c2-43c7-9eab-a762b8b76323"}}, {"model": "store.orderitem", "pk": 35, "fields": {"product": 8, "order": 22, "quantity": 1, "price": "12197.00", "name": "Blue Sofa", "image": "/media/Screenshot_from_2021-07-28_20-46-34.png", "order_code": "dc3276b9-ff7a-4dc3-9f5b-1535eeeece4a"}}, {"model": "store.orderitem", "pk": 36, "fields": {"product": 3, "order": 22, "quantity": 1, "price": "22000.00", "name": "Tv stand", "image": "/media/IMG-20210728-WA0132.jpg", "order_code": "fdad1f22-b307-4310-b4d4-f7c1af3a3428"}}, {"model": "store.orderitem", "pk": 37, "fields": {"product": 7, "order": 23, "quantity": 1, "price": "12000.00", "name": "Grey wallpaper", "image": "/media/IMG-20210728-WA0153_QkHCTh8.jpg", "order_code": "bca5cc3d-1201-42fa-b363-c38bbf677361"}}, {"model": "store.orderitem", "pk": 38, "fields": {"product": 8, "order": 24, "quantity": 1, "price": "12197.00", "name": "Blue Sofa", "image": "/media/Screenshot_from_2021-07-28_20-46-34.png", "order_code": "bc0380de-496f-4610-baf8-03a6c18ca8b0"}}, {"model": "store.orderitem", "pk": 39, "fields": {"product": 7, "order": 24, "quantity": 1, "price": "12000.00", "name": "Grey wallpaper", "image": "/media/IMG-20210728-WA0153_QkHCTh8.jpg", "order_code": "c5897595-377a-47d9-8e6c-b1bc0d2d7f6c"}}, {"model": "store.orderitem", "pk": 40, "fields": {"product": 6, "order": 24, "quantity": 1, "price": "1800.00", "name": "Cabinet", "image": "/media/IMG-20210728-WA0022.jpg", "order_code": "6f805614-adc6-4373-ad67-2c3bdb2bad24"}}, {"model": "store.orderitem", "pk": 41, "fields": {"product": 6, "order": 25, "quantity": 1, "price": "1800.00", "name": "Cabinet", "image": "/media/IMG-20210728-WA0022.jpg", "order_code": "de001ff6-1c3c-4cce-9f4e-ac181f607bb3"}}, {"model": "store.orderitem", "pk": 42, "fields": {"product": 8, "order": 26, "quantity": 1, "price": "12197.00", "name": "Blue Sofa", "image": "/media/Screenshot_from_2021-07-28_20-46-34.png", "order_code": "d9e6bf91-72bd-4863-be53-668d210baf9d"}}, {"model": "store.orderitem", "pk": 43, "fields": {"product": 7, "order": 26, "quantity": 1, "price": "12000.00", "name": "Grey wallpaper", "image": "/media/IMG-20210728-WA0153_QkHCTh8.jpg", "order_code": "a5429b7e-08cf-42f0-a0c9-8dfab123ae63"}}, {"model": "store.orderitem", "pk": 44, "fields": {"product": 5, "order": 27, "quantity": 1, "price": "2000.00", "name": "Grey Contact paper", "image": "/media/IMG-20210728-WA0142.jpg", "order_code": "369bd607-9541-49c2-b459-022af6131a03"}}, {"model": "store.orderitem", "pk": 45, "fields": {"product": 6, "order": 27, "quantity": 2, "price": "1800.00", "name": "Cabinet", "image": "/media/IMG-20210728-WA0022.jpg", "order_code": "f647a861-08c6-42ae-8d1b-584528a0bea0"}}, {"model": "store.orderitem", "pk": 46, "fields": {"product": 3, "order": 27, "quantity": 2, "price": "22000.00", "name": "Tv stand", "image": "/media/IMG-20210728-WA0132.jpg", "order_code": "6eae4fd9-baa0-40e9-a5fa-fb4684f7fd47"}}, {"model": "store.orderitem", "pk": 47, "fields": {"product": 7, "order": 27, "quantity": 1, "price": "12000.00", "name": "Grey wallpaper", "image": "/media/IMG-20210728-WA0153_QkHCTh8.jpg", "order_code": "49cebc4e-31d4-47cd-a5e3-36d199adbddb"}}, {"model": "store.orderitem", "pk": 48, "fields": {"product": 3, "order": 28, "quantity": 1, "price": "22000.00", "name": "Tv stand", "image": "/media/IMG-20210728-WA0132.jpg", "order_code": "85c2ad61-3dea-45f7-a30f-09b14d5194d0"}}, {"model": "store.orderitem", "pk": 49, "fields": {"product": 4, "order": 29, "quantity": 1, "price": "1200.00", "name": "Mahogany bed", "image": "/media/IMG-20210728-WA0059.jpg", "order_code": "bc3b2176-7d22-486f-9e9a-9090912f1ea3"}}, {"model": "store.orderitem", "pk": 50, "fields": {"product": 7, "order": 30, "quantity": 1, "price": "12000.00", "name": "Grey wallpaper", "image": "/media/IMG-20210728-WA0153_QkHCTh8.jpg", "order_code": "252af22c-548e-495c-8528-94551c30a3b7"}}, {"model": "store.orderitem", "pk": 51, "fields": {"product": 7, "order": 31, "quantity": 1, "price": "12000.00", "name": "Grey wallpaper", "image": "/media/IMG-20210728-WA0153_QkHCTh8.jpg", "order_code": "f2003735-74d8-4489-84f4-f13d1e792b13"}}, {"model": "store.orderitem", "pk": 52, "fields": {"product": 7, "order": 32, "quantity": 2, "price": "12000.00", "name": "Grey wallpaper", "image": "/media/IMG-20210728-WA0153_QkHCTh8.jpg", "order_code": "f31024b2-4feb-49da-b477-6bdda956349c"}}, {"model": "store.orderitem", "pk": 53, "fields": {"product": 8, "order": 33, "quantity": 1, "price": "12197.00", "name": "Blue Sofa", "image": "/media/Screenshot_from_2021-07-28_20-46-34.png", "order_code": "0c2170e8-4521-46d6-a4af-d7807012603d"}}, {"model": "store.orderitem", "pk": 54, "fields": {"product": 6, "order": 34, "quantity": 1, "price": "1800.00", "name": "Cabinet", "image": "/media/IMG-20210728-WA0022.jpg", "order_code": "4b6fcb68-5090-4e52-868e-7cd8d8a8b554"}}, {"model": "store.orderitem", "pk": 55, "fields": {"product": 7, "order": 35, "quantity": 1, "price": "12000.00", "name": "Grey wallpaper", "image": "/media/IMG-20210728-WA0153_QkHCTh8.jpg", "order_code": "5a0d5545-0b8c-46e9-9806-168bf74b62e2"}}, {"model": "store.orderitem", "pk": 56, "fields": {"product": 4, "order": 36, "quantity": 1, "price": "1200.00", "name": "Mahogany bed", "image": "/media/IMG-20210728-WA0059.jpg", "order_code": "3aadc005-0d46-45c8-94c8-5897fcab1b6a"}}, {"model": "store.orderitem", "pk": 57, "fields": {"product": 4, "order": 37, "quantity": 1, "price": "1200.00", "name": "Mahogany bed", "image": "/media/IMG-20210728-WA0059.jpg", "order_code": "7adc6f53-bb46-4ad4-a312-069ef11ee6c9"}}, {"model": "store.orderitem", "pk": 58, "fields": {"product": 7, "order": 38, "quantity": 1, "price": "12000.00", "name": "Grey wallpaper", "image": "/media/IMG-20210728-WA0153_QkHCTh8.jpg", "order_code": "1682c0a3-827d-475c-90b4-b22809247ecc"}}, {"model": "store.orderitem", "pk": 59, "fields": {"product": 8, "order": 39, "quantity": 1, "price": "12197.00", "name": "Blue Sofa", "image": "/media/Screenshot_from_2021-07-28_20-46-34.png", "order_code": "35f7b586-f895-49d6-a13d-195f0d9b9e14"}}, {"model": "store.orderitem", "pk": 60, "fields": {"product": 7, "order": 40, "quantity": 1, "price": "12000.00", "name": "Grey wallpaper", "image": "/media/IMG-20210728-WA0153_QkHCTh8.jpg", "order_code": "2297a2ca-2c64-40a0-80d7-666f53fe1bb0"}}, {"model": "store.shippingaddress", "pk": 1, "fields": {"order": 1, "city": "Kanairo", "estate": "Gwa kairu", "road": "Ngara", "landmark": "Landmawe", "phone": "0714175133", "alternative_phone": "1726277188", "shipping_fee": "200.00"}}, {"model": "store.shippingaddress", "pk": 2, "fields": {"order": 2, "city": "jjjjj", "estate": "jjjjj", "road": "jjjjjjj", "landmark": "jjjjjjjj", "phone": "0876545689", "alternative_phone": "9999999877", "shipping_fee": "200.00"}}, {"model": "store.shippingaddress", "pk": 3, "fields": {"order": 3, "city": "uuuuuuu", "estate": "iii", "road": "hhhhh", "landmark": "hhhhh", "phone": "hhhhhhhh", "alternative_phone": "hhhhhhh", "shipping_fee": "200.00"}}, {"model": "store.shippingaddress", "pk": 4, "fields": {"order": 4, "city": "yyyy", "estate": "uuu", "road": "uu", "landmark": "uu", "phone": "uu", "alternative_phone": "uu", "shipping_fee": "200.00"}}, {"model": "store.shippingaddress", "pk": 5, "fields": {"order": 5, "city": "Nairobi", "estate": "KILIMANI", "road": "Tigoni road", "landmark": "E", "phone": "0714175133", "alternative_phone": "0714175133", "shipping_fee": "200.00"}}, {"model": "store.shippingaddress", "pk": 6, "fields": {"order": 6, "city": "Kanairo", "estate": "Kilimani", "road": "Tigoni road", "landmark": "Rosewood Appartments", "phone": "0714177177", "alternative_phone": "0714177177", "shipping_fee": "200.00"}}, {"model": "store.shippingaddress", "pk": 7, "fields": {"order": 7, "city": "Kanairo", "estate": "fgdg", "road": "fzsf", "landmark": "sefz", "phone": "098766553", "alternative_phone": "5999909", "shipping_fee": "200.00"}}, {"model": "store.shippingaddress", "pk": 8, "fields": {"order": 8, "city": "Kanairo", "estate": "fgdg", "road": "fzsf", "landmark": "sefz", "phone": "098766553", "alternative_phone": "5999909", "shipping_fee": "200.00"}}, {"model": "store.shippingaddress", "pk": 9, "fields": {"order": 9, "city": "Kanairo", "estate": "ooo", "road": "llll", "landmark": "llllljjj", "phone": "0714175133", "alternative_phone": "0714175133", "shipping_fee": "200.00"}}, {"model": "store.shippingaddress", "pk": 10, "fields": {"order": 10, "city": "Kanairo", "estate": "Kilimani", "road": "tigoni rd", "landmark": "ggg apartments", "phone": "078654356", "alternative_phone": "078654356", "shipping_fee": "200.00"}}, {"model": "store.shippingaddress", "pk": 11, "fields": {"order": 11, "city": "Nairobi", "estate": "Ngara", "road": "Ngara road", "landmark": "Muka Plaza", "phone": "0714175133", "alternative_phone": "0724175154", "shipping_fee": "200.00"}}, {"model": "store.shippingaddress", "pk": 12, "fields": {"order": 12, "city": "kk", "estate": "kkk", "road": "kkk", "landmark": "kk", "phone": "kk", "alternative_phone": "kk", "shipping_fee": "200.00"}}, {"model": "store.shippingaddress", "pk": 13, "fields": {"order": 13, "city": "kk", "estate": "kkk", "road": "kkk", "landmark": "kk", "phone": "kk", "alternative_phone": "kk", "shipping_fee": "200.00"}}, {"model": "store.shippingaddress", "pk": 14, "fields": {"order": 14, "city": "j", "estate": "j", "road": "kkk", "landmark": "kk", "phone": "j", "alternative_phone": "j", "shipping_fee": "200.00"}}, {"model": "store.shippingaddress", "pk": 15, "fields": {"order": 15, "city": "j", "estate": "j", "road": "kkk", "landmark": "kk", "phone": "j", "alternative_phone": "j", "shipping_fee": "200.00"}}, {"model": "store.shippingaddress", "pk": 16, "fields": {"order": 16, "city": "j", "estate": "j", "road": "kkk", "landmark": "kk", "phone": "j", "alternative_phone": "j", "shipping_fee": "200.00"}}, {"model": "store.shippingaddress", "pk": 17, "fields": {"order": 17, "city": "j", "estate": "j", "road": "kkk", "landmark": "kk", "phone": "j", "alternative_phone": "j", "shipping_fee": "200.00"}}, {"model": "store.shippingaddress", "pk": 18, "fields": {"order": 18, "city": "j", "estate": "j", "road": "kkk", "landmark": "kk", "phone": "j", "alternative_phone": "j", "shipping_fee": "200.00"}}, {"model": "store.shippingaddress", "pk": 19, "fields": {"order": 19, "city": "j", "estate": "j", "road": "kkk", "landmark": "kk", "phone": "j", "alternative_phone": "j", "shipping_fee": "200.00"}}, {"model": "store.shippingaddress", "pk": 20, "fields": {"order": 20, "city": "j", "estate": "j", "road": "kkk", "landmark": "kk", "phone": "j", "alternative_phone": "j", "shipping_fee": "200.00"}}, {"model": "store.shippingaddress", "pk": 21, "fields": {"order": 21, "city": "j", "estate": "j", "road": "kkk", "landmark": "kk", "phone": "j", "alternative_phone": "j", "shipping_fee": "200.00"}}, {"model": "store.shippingaddress", "pk": 22, "fields": {"order": 22, "city": "t", "estate": "t", "road": "t", "landmark": "t", "phone": "t", "alternative_phone": "t", "shipping_fee": "200.00"}}, {"model": "store.shippingaddress", "pk": 23, "fields": {"order": 23, "city": "yyy", "estate": "yy", "road": "yy", "landmark": "yyy", "phone": "yy", "alternative_phone": "yy", "shipping_fee": "200.00"}}, {"model": "store.shippingaddress", "pk": 24, "fields": {"order": 24, "city": "dd", "estate": "dd", "road": "ddd", "landmark": "dddd", "phone": "dd", "alternative_phone": "dd", "shipping_fee": "200.00"}}, {"model": "store.shippingaddress", "pk": 25, "fields": {"order": 25, "city": "dd", "estate": "dd", "road": "ddd", "landmark": "dddd", "phone": "dd", "alternative_phone": "dd", "shipping_fee": "200.00"}}, {"model": "store.shippingaddress", "pk": 26, "fields": {"order": 26, "city": "dd", "estate": "dd", "road": "ddd", "landmark": "dddd", "phone": "dd", "alternative_phone": "ddlll", "shipping_fee": "200.00"}}, {"model": "store.shippingaddress", "pk": 27, "fields": {"order": 27, "city": "dd", "estate": "dd", "road": "ddd", "landmark": "dddd", "phone": "dd", "alternative_phone": "ddlll", "shipping_fee": "200.00"}}, {"model": "store.shippingaddress", "pk": 28, "fields": {"order": 28, "city": "Kanairo", "estate": "fffff", "road": "vvvvv", "landmark": "bbbbbb", "phone": "bbbb", "alternative_phone": "nnnn", "shipping_fee": "200.00"}}, {"model": "store.shippingaddress", "pk": 29, "fields": {"order": 29, "city": "yh", "estate": "hh", "road": "hh", "landmark": "hh", "phone": "hh", "alternative_phone": "hh", "shipping_fee": "200.00"}}, {"model": "store.shippingaddress", "pk": 30, "fields": {"order": 30, "city": "yh2", "estate": "hh", "road": "hh", "landmark": "hh", "phone": "hh", "alternative_phone": "hh", "shipping_fee": "200.00"}}, {"model": "store.shippingaddress", "pk": 31, "fields": {"order": 31, "city": "zzzz", "estate": "xxxxx", "road": "cccccc", "landmark": "vvvvvv", "phone": "bbbbbbbbbbn", "alternative_phone": "nnnnn", "shipping_fee": "200.00"}}, {"model": "store.shippingaddress", "pk": 32, "fields": {"order": 32, "city": "eeeeeeeeee", "estate": "eeeeeeeeeeeeeee", "road": "eeeeeeeeeee", "landmark": "eeeeeeeeeeeee", "phone": "0756565656", "alternative_phone": "0767676767", "shipping_fee": "200.00"}}, {"model": "store.shippingaddress", "pk": 33, "fields": {"order": 33, "city": "ggggggg", "estate": "ggggggggg", "road": "gggggggggg", "landmark": "ggggggggg", "phone": "0714515541", "alternative_phone": "0714174122", "shipping_fee": "200.00"}}, {"model": "store.shippingaddress", "pk": 34, "fields": {"order": 34, "city": "ggggggg", "estate": "ggggggggg", "road": "gggggggggg", "landmark": "ggggggggg", "phone": "0714515541", "alternative_phone": "0714174122", "shipping_fee": "200.00"}}, {"model": "store.shippingaddress", "pk": 35, "fields": {"order": 35, "city": "d", "estate": "d", "road": "d", "landmark": "d", "phone": "d", "alternative_phone": "d", "shipping_fee": "200.00"}}, {"model": "store.shippingaddress", "pk": 36, "fields": {"order": 36, "city": "dd", "estate": "ddd", "road": "dd", "landmark": "dd", "phone": "dd", "alternative_phone": "dd", "shipping_fee": "200.00"}}, {"model": "store.shippingaddress", "pk": 37, "fields": {"order": 37, "city": "dd", "estate": "ddd", "road": "dd", "landmark": "dd", "phone": "dd", "alternative_phone": "dd", "shipping_fee": "200.00"}}, {"model": "store.shippingaddress", "pk": 38, "fields": {"order": 38, "city": "55555555", "estate": "5555", "road": "555555555", "landmark": "55555555", "phone": "555555555", "alternative_phone": "5555555", "shipping_fee": "200.00"}}, {"model": "store.shippingaddress", "pk": 39, "fields": {"order": 39, "city": "ggg", "estate": "ggggg", "road": "gggggg", "landmark": "gggggggggg", "phone": "ggggggg", "alternative_phone": "gggggggg", "shipping_fee": "200.00"}}, {"model": "store.shippingaddress", "pk": 40, "fields": {"order": 40, "city": "eeeeeeeeee", "estate": "sssss", "road": "ssssssssss", "landmark": "ssssssssssss", "phone": "0756565656", "alternative_phone": "0756565654", "shipping_fee": "200.00"}}]